cust_no,v29
cust1,1
cust2,0
cust3,0
cust4,1
cust5,1
cust6,1
cust7,0
cust8,1
cust9,0
cust10,1
cust11,1
cust12,1
cust13,0
cust14,1
cust15,1
cust16,1
cust17,0
cust18,1
cust19,1
cust20,1
cust21,1
cust22,0
cust23,1
cust24,1
cust25,1
cust26,0
cust27,1
cust28,0
cust29,1
cust30,0
cust31,0
cust32,1
cust33,0
cust34,1
cust35,1
cust36,0
cust37,0
cust38,1
cust39,1
cust40,1
cust41,1
cust42,0
cust43,0
cust44,1
cust45,1
cust46,1
cust47,0
cust48,1
cust49,1
cust50,1
cust51,1
cust52,1
cust53,1
cust54,0
cust55,0
cust56,1
cust57,0
cust58,0
cust59,0
cust60,1
cust61,1
cust62,0
cust63,0
cust64,0
cust65,0
cust66,0
cust67,0
cust68,0
cust69,1
cust70,0
cust71,0
cust72,1
cust73,1
cust74,1
cust75,1
cust76,1
cust77,1
cust78,0
cust79,0
cust80,1
cust81,0
cust82,0
cust83,1
cust84,1
cust85,1
cust86,1
cust87,1
cust88,0
cust89,0
cust90,1
cust91,1
cust92,0
cust93,1
cust94,1
cust95,1
cust96,1
cust97,0
cust98,0
cust99,1
cust100,0
cust101,0
cust102,1
cust103,1
cust104,0
cust105,1
cust106,1
cust107,0
cust108,1
cust109,1
cust110,1
cust111,0
cust112,1
cust113,1
cust114,0
cust115,1
cust116,0
cust117,1
cust118,1
cust119,1
cust120,1
cust121,1
cust122,0
cust123,1
cust124,0
cust125,1
cust126,1
cust127,0
cust128,1
cust129,0
cust130,0
cust131,1
cust132,1
cust133,0
cust134,0
cust135,1
cust136,1
cust137,0
cust138,1
cust139,1
cust140,0
cust141,0
cust142,1
cust143,0
cust144,0
cust145,1
cust146,1
cust147,1
cust148,1
cust149,0
cust150,1
cust151,1
cust152,0
cust153,1
cust154,0
cust155,1
cust156,1
cust157,1
cust158,1
cust159,1
cust160,1
cust161,1
cust162,1
cust163,1
cust164,0
cust165,1
cust166,1
cust167,1
cust168,0
cust169,1
cust170,0
cust171,1
cust172,0
cust173,0
cust174,1
cust175,1
cust176,1
cust177,1
cust178,0
cust179,1
cust180,1
cust181,1
cust182,0
cust183,0
cust184,0
cust185,0
cust186,0
cust187,0
cust188,0
cust189,1
cust190,1
cust191,0
cust192,1
cust193,0
cust194,1
cust195,0
cust196,0
cust197,0
cust198,1
cust199,1
cust200,1
cust201,0
cust202,0
cust203,1
cust204,0
cust205,1
cust206,1
cust207,0
cust208,1
cust209,1
cust210,1
cust211,1
cust212,0
cust213,0
cust214,1
cust215,1
cust216,0
cust217,1
cust218,1
cust219,1
cust220,1
cust221,1
cust222,0
cust223,1
cust224,1
cust225,1
cust226,1
cust227,1
cust228,0
cust229,1
cust230,1
cust231,1
cust232,0
cust233,1
cust234,1
cust235,1
cust236,1
cust237,1
cust238,1
cust239,0
cust240,1
cust241,1
cust242,1
cust243,0
cust244,0
cust245,1
cust246,0
cust247,0
cust248,1
cust249,1
cust250,0
cust251,0
cust252,1
cust253,0
cust254,1
cust255,1
cust256,0
cust257,0
cust258,1
cust259,0
cust260,1
cust261,1
cust262,1
cust263,1
cust264,1
cust265,1
cust266,1
cust267,1
cust268,1
cust269,1
cust270,0
cust271,0
cust272,1
cust273,1
cust274,1
cust275,1
cust276,0
cust277,1
cust278,1
cust279,0
cust280,1
cust281,1
cust282,1
cust283,1
cust284,1
cust285,0
cust286,1
cust287,1
cust288,1
cust289,1
cust290,0
cust291,1
cust292,0
cust293,1
cust294,1
cust295,1
cust296,1
cust297,1
cust298,1
cust299,1
cust300,1
cust301,1
cust302,1
cust303,1
cust304,1
cust305,1
cust306,0
cust307,1
cust308,1
cust309,1
cust310,0
cust311,1
cust312,0
cust313,1
cust314,0
cust315,1
cust316,1
cust317,1
cust318,0
cust319,0
cust320,0
cust321,1
cust322,0
cust323,0
cust324,0
cust325,1
cust326,1
cust327,1
cust328,1
cust329,1
cust330,1
cust331,1
cust332,0
cust333,1
cust334,1
cust335,1
cust336,1
cust337,1
cust338,1
cust339,1
cust340,0
cust341,1
cust342,0
cust343,1
cust344,1
cust345,1
cust346,0
cust347,0
cust348,1
cust349,1
cust350,1
cust351,0
cust352,0
cust353,0
cust354,1
cust355,1
cust356,1
cust357,1
cust358,1
cust359,1
cust360,1
cust361,1
cust362,0
cust363,1
cust364,0
cust365,0
cust366,1
cust367,1
cust368,0
cust369,0
cust370,1
cust371,0
cust372,1
cust373,0
cust374,0
cust375,1
cust376,0
cust377,1
cust378,1
cust379,1
cust380,1
cust381,0
cust382,0
cust383,1
cust384,1
cust385,0
cust386,1
cust387,0
cust388,1
cust389,1
cust390,0
cust391,1
cust392,1
cust393,1
cust394,0
cust395,0
cust396,1
cust397,1
cust398,0
cust399,0
cust400,1
cust401,0
cust402,0
cust403,1
cust404,1
cust405,1
cust406,1
cust407,1
cust408,1
cust409,1
cust410,1
cust411,0
cust412,0
cust413,1
cust414,1
cust415,0
cust416,0
cust417,0
cust418,0
cust419,1
cust420,1
cust421,1
cust422,1
cust423,1
cust424,1
cust425,1
cust426,1
cust427,1
cust428,0
cust429,1
cust430,1
cust431,1
cust432,1
cust433,0
cust434,1
cust435,1
cust436,1
cust437,0
cust438,0
cust439,0
cust440,1
cust441,1
cust442,1
cust443,1
cust444,1
cust445,0
cust446,1
cust447,1
cust448,0
cust449,1
cust450,1
cust451,0
cust452,0
cust453,1
cust454,1
cust455,1
cust456,1
cust457,1
cust458,1
cust459,1
cust460,0
cust461,1
cust462,0
cust463,1
cust464,0
cust465,1
cust466,0
cust467,1
cust468,1
cust469,1
cust470,1
cust471,1
cust472,0
cust473,1
cust474,1
cust475,1
cust476,0
cust477,1
cust478,0
cust479,0
cust480,1
cust481,0
cust482,0
cust483,0
cust484,0
cust485,0
cust486,0
cust487,0
cust488,1
cust489,0
cust490,1
cust491,0
cust492,0
cust493,0
cust494,1
cust495,1
cust496,1
cust497,1
cust498,1
cust499,0
cust500,1
cust501,1
cust502,1
cust503,1
cust504,1
cust505,1
cust506,1
cust507,1
cust508,1
cust509,0
cust510,1
cust511,1
cust512,1
cust513,1
cust514,0
cust515,0
cust516,1
cust517,1
cust518,1
cust519,1
cust520,1
cust521,1
cust522,0
cust523,1
cust524,1
cust525,1
cust526,1
cust527,1
cust528,0
cust529,1
cust530,0
cust531,1
cust532,0
cust533,1
cust534,1
cust535,0
cust536,0
cust537,0
cust538,0
cust539,1
cust540,1
cust541,0
cust542,1
cust543,1
cust544,0
cust545,0
cust546,0
cust547,1
cust548,1
cust549,1
cust550,1
cust551,0
cust552,0
cust553,1
cust554,0
cust555,1
cust556,0
cust557,1
cust558,1
cust559,1
cust560,0
cust561,1
cust562,1
cust563,1
cust564,1
cust565,0
cust566,1
cust567,1
cust568,0
cust569,1
cust570,1
cust571,1
cust572,1
cust573,0
cust574,1
cust575,1
cust576,1
cust577,0
cust578,0
cust579,0
cust580,1
cust581,0
cust582,0
cust583,1
cust584,1
cust585,1
cust586,1
cust587,1
cust588,1
cust589,1
cust590,1
cust591,1
cust592,1
cust593,1
cust594,1
cust595,1
cust596,0
cust597,1
cust598,1
cust599,1
cust600,1
cust601,1
cust602,1
cust603,0
cust604,1
cust605,1
cust606,1
cust607,1
cust608,1
cust609,1
cust610,0
cust611,1
cust612,1
cust613,0
cust614,1
cust615,0
cust616,1
cust617,1
cust618,1
cust619,0
cust620,1
cust621,0
cust622,0
cust623,0
cust624,1
cust625,1
cust626,0
cust627,1
cust628,1
cust629,1
cust630,1
cust631,0
cust632,1
cust633,0
cust634,1
cust635,1
cust636,1
cust637,1
cust638,0
cust639,1
cust640,1
cust641,0
cust642,1
cust643,1
cust644,1
cust645,1
cust646,0
cust647,1
cust648,1
cust649,1
cust650,1
cust651,0
cust652,1
cust653,1
cust654,1
cust655,1
cust656,0
cust657,0
cust658,0
cust659,1
cust660,1
cust661,1
cust662,1
cust663,0
cust664,1
cust665,0
cust666,1
cust667,1
cust668,1
cust669,0
cust670,1
cust671,1
cust672,1
cust673,1
cust674,0
cust675,1
cust676,0
cust677,1
cust678,1
cust679,1
cust680,1
cust681,0
cust682,0
cust683,1
cust684,1
cust685,1
cust686,0
cust687,0
cust688,0
cust689,1
cust690,0
cust691,1
cust692,1
cust693,1
cust694,0
cust695,1
cust696,0
cust697,0
cust698,1
cust699,0
cust700,1
cust701,1
cust702,0
cust703,1
cust704,1
cust705,1
cust706,0
cust707,1
cust708,1
cust709,1
cust710,0
cust711,1
cust712,0
cust713,1
cust714,1
cust715,0
cust716,0
cust717,0
cust718,0
cust719,1
cust720,1
cust721,1
cust722,1
cust723,0
cust724,1
cust725,0
cust726,0
cust727,0
cust728,1
cust729,0
cust730,0
cust731,0
cust732,0
cust733,0
cust734,1
cust735,1
cust736,1
cust737,0
cust738,1
cust739,1
cust740,1
cust741,1
cust742,0
cust743,0
cust744,1
cust745,0
cust746,1
cust747,0
cust748,0
cust749,0
cust750,0
cust751,1
cust752,1
cust753,1
cust754,1
cust755,0
cust756,0
cust757,1
cust758,0
cust759,0
cust760,1
cust761,0
cust762,1
cust763,0
cust764,0
cust765,1
cust766,0
cust767,1
cust768,1
cust769,0
cust770,1
cust771,1
cust772,1
cust773,1
cust774,0
cust775,1
cust776,1
cust777,0
cust778,0
cust779,1
cust780,1
cust781,1
cust782,0
cust783,0
cust784,1
cust785,0
cust786,0
cust787,0
cust788,0
cust789,0
cust790,1
cust791,1
cust792,1
cust793,1
cust794,1
cust795,1
cust796,1
cust797,1
cust798,1
cust799,1
cust800,0
cust801,1
cust802,1
cust803,1
cust804,1
cust805,1
cust806,1
cust807,1
cust808,0
cust809,0
cust810,1
cust811,1
cust812,0
cust813,1
cust814,1
cust815,1
cust816,1
cust817,0
cust818,0
cust819,1
cust820,1
cust821,1
cust822,1
cust823,1
cust824,1
cust825,1
cust826,1
cust827,1
cust828,1
cust829,1
cust830,1
cust831,1
cust832,1
cust833,0
cust834,1
cust835,1
cust836,1
cust837,1
cust838,1
cust839,1
cust840,1
cust841,1
cust842,1
cust843,1
cust844,1
cust845,1
cust846,1
cust847,1
cust848,0
cust849,0
cust850,1
cust851,1
cust852,1
cust853,1
cust854,0
cust855,1
cust856,0
cust857,1
cust858,1
cust859,1
cust860,1
cust861,1
cust862,1
cust863,1
cust864,1
cust865,1
cust866,1
cust867,1
cust868,0
cust869,0
cust870,0
cust871,1
cust872,1
cust873,1
cust874,0
cust875,1
cust876,1
cust877,1
cust878,0
cust879,0
cust880,0
cust881,0
cust882,1
cust883,1
cust884,0
cust885,1
cust886,1
cust887,0
cust888,0
cust889,0
cust890,1
cust891,0
cust892,1
cust893,1
cust894,0
cust895,1
cust896,1
cust897,1
cust898,0
cust899,0
cust900,1
cust901,1
cust902,1
cust903,1
cust904,1
cust905,1
cust906,0
cust907,1
cust908,0
cust909,1
cust910,1
cust911,1
cust912,1
cust913,1
cust914,1
cust915,0
cust916,1
cust917,1
cust918,1
cust919,1
cust920,0
cust921,1
cust922,1
cust923,1
cust924,1
cust925,1
cust926,1
cust927,0
cust928,0
cust929,0
cust930,1
cust931,1
cust932,1
cust933,1
cust934,1
cust935,1
cust936,1
cust937,1
cust938,1
cust939,1
cust940,1
cust941,1
cust942,1
cust943,1
cust944,0
cust945,1
cust946,0
cust947,1
cust948,0
cust949,1
cust950,0
cust951,1
cust952,0
cust953,1
cust954,1
cust955,0
cust956,1
cust957,1
cust958,1
cust959,1
cust960,1
cust961,1
cust962,0
cust963,1
cust964,1
cust965,0
cust966,1
cust967,1
cust968,0
cust969,1
cust970,0
cust971,1
cust972,0
cust973,0
cust974,0
cust975,0
cust976,1
cust977,0
cust978,0
cust979,0
cust980,1
cust981,1
cust982,0
cust983,0
cust984,1
cust985,1
cust986,0
cust987,1
cust988,1
cust989,1
cust990,1
cust991,1
cust992,0
cust993,1
cust994,0
cust995,0
cust996,1
cust997,1
cust998,1
cust999,0
cust1000,1
cust1001,1
cust1002,0
cust1003,1
cust1004,0
cust1005,1
cust1006,1
cust1007,0
cust1008,0
cust1009,1
cust1010,0
cust1011,1
cust1012,1
cust1013,1
cust1014,1
cust1015,0
cust1016,1
cust1017,1
cust1018,0
cust1019,1
cust1020,1
cust1021,0
cust1022,1
cust1023,0
cust1024,0
cust1025,1
cust1026,1
cust1027,0
cust1028,0
cust1029,1
cust1030,1
cust1031,1
cust1032,1
cust1033,1
cust1034,0
cust1035,1
cust1036,0
cust1037,1
cust1038,1
cust1039,0
cust1040,0
cust1041,0
cust1042,0
cust1043,0
cust1044,1
cust1045,0
cust1046,1
cust1047,1
cust1048,1
cust1049,1
cust1050,1
cust1051,0
cust1052,0
cust1053,0
cust1054,0
cust1055,1
cust1056,1
cust1057,1
cust1058,1
cust1059,1
cust1060,0
cust1061,1
cust1062,0
cust1063,1
cust1064,0
cust1065,1
cust1066,1
cust1067,0
cust1068,0
cust1069,0
cust1070,0
cust1071,0
cust1072,0
cust1073,1
cust1074,1
cust1075,1
cust1076,1
cust1077,1
cust1078,1
cust1079,1
cust1080,0
cust1081,0
cust1082,1
cust1083,0
cust1084,1
cust1085,1
cust1086,1
cust1087,1
cust1088,0
cust1089,0
cust1090,0
cust1091,1
cust1092,1
cust1093,1
cust1094,1
cust1095,0
cust1096,0
cust1097,1
cust1098,1
cust1099,0
cust1100,1
cust1101,0
cust1102,0
cust1103,1
cust1104,0
cust1105,1
cust1106,1
cust1107,1
cust1108,1
cust1109,1
cust1110,1
cust1111,0
cust1112,0
cust1113,1
cust1114,1
cust1115,1
cust1116,1
cust1117,1
cust1118,1
cust1119,1
cust1120,1
cust1121,1
cust1122,0
cust1123,1
cust1124,1
cust1125,1
cust1126,0
cust1127,0
cust1128,1
cust1129,1
cust1130,1
cust1131,1
cust1132,1
cust1133,1
cust1134,1
cust1135,1
cust1136,1
cust1137,1
cust1138,1
cust1139,1
cust1140,1
cust1141,1
cust1142,1
cust1143,1
cust1144,0
cust1145,0
cust1146,0
cust1147,0
cust1148,0
cust1149,0
cust1150,0
cust1151,1
cust1152,1
cust1153,1
cust1154,1
cust1155,1
cust1156,1
cust1157,1
cust1158,1
cust1159,1
cust1160,1
cust1161,1
cust1162,1
cust1163,1
cust1164,0
cust1165,0
cust1166,1
cust1167,1
cust1168,1
cust1169,1
cust1170,0
cust1171,1
cust1172,0
cust1173,0
cust1174,0
cust1175,1
cust1176,1
cust1177,1
cust1178,0
cust1179,1
cust1180,1
cust1181,1
cust1182,1
cust1183,1
cust1184,1
cust1185,0
cust1186,0
cust1187,0
cust1188,1
cust1189,0
cust1190,0
cust1191,1
cust1192,0
cust1193,0
cust1194,1
cust1195,0
cust1196,1
cust1197,0
cust1198,1
cust1199,0
cust1200,1
cust1201,1
cust1202,0
cust1203,0
cust1204,0
cust1205,1
cust1206,0
cust1207,0
cust1208,0
cust1209,1
cust1210,1
cust1211,1
cust1212,1
cust1213,1
cust1214,1
cust1215,1
cust1216,0
cust1217,0
cust1218,1
cust1219,0
cust1220,0
cust1221,1
cust1222,1
cust1223,1
cust1224,0
cust1225,1
cust1226,0
cust1227,1
cust1228,1
cust1229,0
cust1230,1
cust1231,0
cust1232,1
cust1233,1
cust1234,1
cust1235,1
cust1236,1
cust1237,1
cust1238,1
cust1239,0
cust1240,1
cust1241,1
cust1242,1
cust1243,1
cust1244,0
cust1245,1
cust1246,1
cust1247,1
cust1248,1
cust1249,0
cust1250,1
cust1251,1
cust1252,1
cust1253,1
cust1254,0
cust1255,0
cust1256,0
cust1257,0
cust1258,1
cust1259,0
cust1260,1
cust1261,1
cust1262,1
cust1263,1
cust1264,1
cust1265,1
cust1266,1
cust1267,1
cust1268,1
cust1269,0
cust1270,1
cust1271,1
cust1272,1
cust1273,1
cust1274,1
cust1275,1
cust1276,1
cust1277,1
cust1278,0
cust1279,1
cust1280,0
cust1281,1
cust1282,1
cust1283,0
cust1284,1
cust1285,1
cust1286,1
cust1287,1
cust1288,1
cust1289,1
cust1290,1
cust1291,1
cust1292,1
cust1293,1
cust1294,0
cust1295,0
cust1296,0
cust1297,1
cust1298,1
cust1299,0
cust1300,1
cust1301,0
cust1302,1
cust1303,0
cust1304,1
cust1305,0
cust1306,1
cust1307,1
cust1308,0
cust1309,1
cust1310,0
cust1311,1
cust1312,1
cust1313,1
cust1314,1
cust1315,1
cust1316,0
cust1317,1
cust1318,1
cust1319,1
cust1320,1
cust1321,1
cust1322,1
cust1323,0
cust1324,1
cust1325,1
cust1326,1
cust1327,1
cust1328,1
cust1329,1
cust1330,0
cust1331,1
cust1332,1
cust1333,1
cust1334,1
cust1335,1
cust1336,1
cust1337,0
cust1338,1
cust1339,1
cust1340,1
cust1341,1
cust1342,1
cust1343,1
cust1344,1
cust1345,1
cust1346,1
cust1347,1
cust1348,0
cust1349,1
cust1350,1
cust1351,1
cust1352,1
cust1353,1
cust1354,0
cust1355,0
cust1356,1
cust1357,1
cust1358,0
cust1359,1
cust1360,0
cust1361,0
cust1362,1
cust1363,1
cust1364,1
cust1365,1
cust1366,1
cust1367,0
cust1368,1
cust1369,1
cust1370,1
cust1371,1
cust1372,0
cust1373,1
cust1374,0
cust1375,1
cust1376,1
cust1377,1
cust1378,1
cust1379,1
cust1380,1
cust1381,1
cust1382,1
cust1383,1
cust1384,0
cust1385,1
cust1386,1
cust1387,1
cust1388,0
cust1389,1
cust1390,1
cust1391,0
cust1392,1
cust1393,1
cust1394,0
cust1395,0
cust1396,0
cust1397,1
cust1398,1
cust1399,1
cust1400,0
cust1401,1
cust1402,0
cust1403,1
cust1404,1
cust1405,1
cust1406,1
cust1407,0
cust1408,1
cust1409,1
cust1410,0
cust1411,1
cust1412,0
cust1413,0
cust1414,1
cust1415,0
cust1416,1
cust1417,1
cust1418,1
cust1419,0
cust1420,1
cust1421,0
cust1422,1
cust1423,1
cust1424,1
cust1425,1
cust1426,0
cust1427,0
cust1428,1
cust1429,1
cust1430,0
cust1431,1
cust1432,0
cust1433,1
cust1434,1
cust1435,1
cust1436,1
cust1437,1
cust1438,1
cust1439,1
cust1440,1
cust1441,1
cust1442,1
cust1443,1
cust1444,1
cust1445,1
cust1446,0
cust1447,1
cust1448,1
cust1449,1
cust1450,1
cust1451,1
cust1452,1
cust1453,1
cust1454,0
cust1455,1
cust1456,1
cust1457,1
cust1458,1
cust1459,0
cust1460,1
cust1461,1
cust1462,0
cust1463,0
cust1464,1
cust1465,0
cust1466,1
cust1467,1
cust1468,1
cust1469,1
cust1470,1
cust1471,1
cust1472,1
cust1473,0
cust1474,1
cust1475,1
cust1476,0
cust1477,0
cust1478,0
cust1479,1
cust1480,0
cust1481,1
cust1482,1
cust1483,0
cust1484,1
cust1485,1
cust1486,1
cust1487,1
cust1488,0
cust1489,1
cust1490,0
cust1491,1
cust1492,1
cust1493,1
cust1494,1
cust1495,1
cust1496,1
cust1497,1
cust1498,0
cust1499,1
cust1500,0
cust1501,0
cust1502,0
cust1503,0
cust1504,1
cust1505,1
cust1506,1
cust1507,1
cust1508,1
cust1509,1
cust1510,0
cust1511,0
cust1512,0
cust1513,1
cust1514,0
cust1515,1
cust1516,1
cust1517,0
cust1518,0
cust1519,1
cust1520,1
cust1521,1
cust1522,1
cust1523,1
cust1524,1
cust1525,0
cust1526,1
cust1527,1
cust1528,0
cust1529,1
cust1530,1
cust1531,0
cust1532,0
cust1533,1
cust1534,1
cust1535,0
cust1536,1
cust1537,1
cust1538,1
cust1539,1
cust1540,1
cust1541,1
cust1542,0
cust1543,1
cust1544,1
cust1545,1
cust1546,1
cust1547,0
cust1548,1
cust1549,1
cust1550,1
cust1551,0
cust1552,1
cust1553,0
cust1554,1
cust1555,1
cust1556,1
cust1557,1
cust1558,1
cust1559,1
cust1560,1
cust1561,0
cust1562,1
cust1563,1
cust1564,0
cust1565,1
cust1566,1
cust1567,0
cust1568,0
cust1569,0
cust1570,1
cust1571,1
cust1572,0
cust1573,1
cust1574,0
cust1575,1
cust1576,1
cust1577,1
cust1578,1
cust1579,1
cust1580,1
cust1581,1
cust1582,0
cust1583,1
cust1584,1
cust1585,1
cust1586,1
cust1587,1
cust1588,1
cust1589,1
cust1590,1
cust1591,1
cust1592,0
cust1593,1
cust1594,0
cust1595,1
cust1596,1
cust1597,1
cust1598,1
cust1599,1
cust1600,1
cust1601,1
cust1602,1
cust1603,0
cust1604,0
cust1605,1
cust1606,1
cust1607,1
cust1608,1
cust1609,1
cust1610,1
cust1611,0
cust1612,1
cust1613,1
cust1614,1
cust1615,0
cust1616,1
cust1617,1
cust1618,1
cust1619,1
cust1620,1
cust1621,1
cust1622,1
cust1623,1
cust1624,0
cust1625,0
cust1626,0
cust1627,1
cust1628,1
cust1629,1
cust1630,1
cust1631,0
cust1632,1
cust1633,1
cust1634,1
cust1635,1
cust1636,1
cust1637,1
cust1638,1
cust1639,0
cust1640,1
cust1641,1
cust1642,1
cust1643,0
cust1644,1
cust1645,1
cust1646,0
cust1647,0
cust1648,1
cust1649,1
cust1650,1
cust1651,0
cust1652,1
cust1653,1
cust1654,1
cust1655,1
cust1656,1
cust1657,1
cust1658,0
cust1659,0
cust1660,0
cust1661,1
cust1662,0
cust1663,0
cust1664,1
cust1665,1
cust1666,1
cust1667,1
cust1668,1
cust1669,1
cust1670,1
cust1671,0
cust1672,1
cust1673,1
cust1674,1
cust1675,1
cust1676,1
cust1677,1
cust1678,0
cust1679,1
cust1680,1
cust1681,0
cust1682,1
cust1683,1
cust1684,1
cust1685,1
cust1686,0
cust1687,0
cust1688,1
cust1689,1
cust1690,1
cust1691,1
cust1692,1
cust1693,1
cust1694,1
cust1695,1
cust1696,1
cust1697,1
cust1698,1
cust1699,1
cust1700,1
cust1701,1
cust1702,1
cust1703,1
cust1704,0
cust1705,1
cust1706,1
cust1707,0
cust1708,1
cust1709,1
cust1710,1
cust1711,1
cust1712,1
cust1713,1
cust1714,1
cust1715,0
cust1716,0
cust1717,1
cust1718,1
cust1719,1
cust1720,0
cust1721,1
cust1722,1
cust1723,1
cust1724,0
cust1725,0
cust1726,0
cust1727,1
cust1728,1
cust1729,1
cust1730,1
cust1731,1
cust1732,1
cust1733,1
cust1734,1
cust1735,0
cust1736,1
cust1737,0
cust1738,0
cust1739,0
cust1740,1
cust1741,1
cust1742,1
cust1743,0
cust1744,1
cust1745,1
cust1746,1
cust1747,1
cust1748,1
cust1749,1
cust1750,0
cust1751,0
cust1752,1
cust1753,1
cust1754,1
cust1755,1
cust1756,0
cust1757,1
cust1758,1
cust1759,0
cust1760,0
cust1761,1
cust1762,1
cust1763,1
cust1764,1
cust1765,1
cust1766,1
cust1767,1
cust1768,0
cust1769,1
cust1770,1
cust1771,1
cust1772,1
cust1773,0
cust1774,1
cust1775,0
cust1776,1
cust1777,0
cust1778,1
cust1779,1
cust1780,1
cust1781,1
cust1782,0
cust1783,0
cust1784,1
cust1785,1
cust1786,1
cust1787,0
cust1788,0
cust1789,1
cust1790,0
cust1791,1
cust1792,0
cust1793,1
cust1794,1
cust1795,0
cust1796,0
cust1797,1
cust1798,1
cust1799,1
cust1800,0
cust1801,1
cust1802,1
cust1803,1
cust1804,0
cust1805,1
cust1806,0
cust1807,1
cust1808,0
cust1809,0
cust1810,1
cust1811,1
cust1812,0
cust1813,1
cust1814,0
cust1815,0
cust1816,1
cust1817,1
cust1818,1
cust1819,1
cust1820,1
cust1821,0
cust1822,1
cust1823,1
cust1824,0
cust1825,0
cust1826,1
cust1827,1
cust1828,0
cust1829,1
cust1830,0
cust1831,1
cust1832,0
cust1833,1
cust1834,1
cust1835,1
cust1836,0
cust1837,0
cust1838,1
cust1839,1
cust1840,0
cust1841,0
cust1842,0
cust1843,0
cust1844,1
cust1845,1
cust1846,1
cust1847,0
cust1848,1
cust1849,1
cust1850,1
cust1851,1
cust1852,1
cust1853,1
cust1854,0
cust1855,1
cust1856,0
cust1857,1
cust1858,1
cust1859,0
cust1860,1
cust1861,1
cust1862,0
cust1863,1
cust1864,0
cust1865,1
cust1866,1
cust1867,1
cust1868,1
cust1869,1
cust1870,1
cust1871,1
cust1872,1
cust1873,1
cust1874,1
cust1875,1
cust1876,1
cust1877,1
cust1878,0
cust1879,1
cust1880,1
cust1881,0
cust1882,1
cust1883,1
cust1884,1
cust1885,1
cust1886,1
cust1887,0
cust1888,0
cust1889,0
cust1890,1
cust1891,0
cust1892,0
cust1893,1
cust1894,1
cust1895,1
cust1896,1
cust1897,1
cust1898,0
cust1899,0
cust1900,1
cust1901,1
cust1902,1
cust1903,1
cust1904,1
cust1905,1
cust1906,1
cust1907,0
cust1908,0
cust1909,0
cust1910,1
cust1911,1
cust1912,1
cust1913,1
cust1914,1
cust1915,1
cust1916,1
cust1917,1
cust1918,0
cust1919,1
cust1920,1
cust1921,1
cust1922,1
cust1923,0
cust1924,1
cust1925,1
cust1926,1
cust1927,1
cust1928,1
cust1929,1
cust1930,1
cust1931,1
cust1932,1
cust1933,1
cust1934,1
cust1935,1
cust1936,1
cust1937,0
cust1938,0
cust1939,1
cust1940,1
cust1941,1
cust1942,1
cust1943,1
cust1944,1
cust1945,1
cust1946,1
cust1947,1
cust1948,1
cust1949,1
cust1950,1
cust1951,0
cust1952,1
cust1953,0
cust1954,1
cust1955,1
cust1956,1
cust1957,1
cust1958,1
cust1959,0
cust1960,1
cust1961,1
cust1962,1
cust1963,1
cust1964,1
cust1965,1
cust1966,1
cust1967,0
cust1968,1
cust1969,1
cust1970,1
cust1971,0
cust1972,1
cust1973,0
cust1974,0
cust1975,1
cust1976,1
cust1977,1
cust1978,0
cust1979,1
cust1980,1
cust1981,0
cust1982,1
cust1983,1
cust1984,1
cust1985,1
cust1986,1
cust1987,0
cust1988,0
cust1989,0
cust1990,1
cust1991,0
cust1992,1
cust1993,1
cust1994,1
cust1995,1
cust1996,0
cust1997,1
cust1998,1
cust1999,1
cust2000,1
cust2001,1
cust2002,1
cust2003,1
cust2004,1
cust2005,1
cust2006,0
cust2007,0
cust2008,1
cust2009,1
cust2010,1
cust2011,1
cust2012,1
cust2013,1
cust2014,1
cust2015,0
cust2016,1
cust2017,1
cust2018,1
cust2019,0
cust2020,0
cust2021,1
cust2022,1
cust2023,0
cust2024,1
cust2025,0
cust2026,0
cust2027,1
cust2028,1
cust2029,1
cust2030,0
cust2031,1
cust2032,0
cust2033,1
cust2034,1
cust2035,0
cust2036,1
cust2037,0
cust2038,0
cust2039,0
cust2040,0
cust2041,1
cust2042,1
cust2043,1
cust2044,1
cust2045,1
cust2046,1
cust2047,1
cust2048,1
cust2049,0
cust2050,1
cust2051,0
cust2052,1
cust2053,1
cust2054,1
cust2055,1
cust2056,0
cust2057,1
cust2058,1
cust2059,1
cust2060,0
cust2061,0
cust2062,1
cust2063,0
cust2064,1
cust2065,1
cust2066,1
cust2067,1
cust2068,1
cust2069,1
cust2070,1
cust2071,0
cust2072,0
cust2073,1
cust2074,1
cust2075,0
cust2076,0
cust2077,1
cust2078,0
cust2079,0
cust2080,1
cust2081,1
cust2082,1
cust2083,1
cust2084,0
cust2085,1
cust2086,1
cust2087,1
cust2088,1
cust2089,0
cust2090,1
cust2091,0
cust2092,1
cust2093,1
cust2094,1
cust2095,0
cust2096,1
cust2097,1
cust2098,1
cust2099,1
cust2100,0
cust2101,1
cust2102,1
cust2103,1
cust2104,1
cust2105,1
cust2106,1
cust2107,0
cust2108,1
cust2109,0
cust2110,0
cust2111,0
cust2112,1
cust2113,0
cust2114,0
cust2115,1
cust2116,1
cust2117,1
cust2118,1
cust2119,0
cust2120,1
cust2121,0
cust2122,1
cust2123,0
cust2124,1
cust2125,0
cust2126,0
cust2127,1
cust2128,0
cust2129,0
cust2130,1
cust2131,1
cust2132,1
cust2133,1
cust2134,1
cust2135,1
cust2136,1
cust2137,1
cust2138,1
cust2139,0
cust2140,1
cust2141,1
cust2142,0
cust2143,1
cust2144,1
cust2145,1
cust2146,1
cust2147,0
cust2148,0
cust2149,0
cust2150,1
cust2151,0
cust2152,1
cust2153,1
cust2154,1
cust2155,1
cust2156,1
cust2157,1
cust2158,1
cust2159,0
cust2160,0
cust2161,0
cust2162,1
cust2163,0
cust2164,1
cust2165,0
cust2166,1
cust2167,1
cust2168,1
cust2169,1
cust2170,0
cust2171,1
cust2172,1
cust2173,1
cust2174,0
cust2175,1
cust2176,1
cust2177,1
cust2178,0
cust2179,1
cust2180,0
cust2181,1
cust2182,0
cust2183,1
cust2184,1
cust2185,1
cust2186,1
cust2187,1
cust2188,1
cust2189,0
cust2190,1
cust2191,1
cust2192,1
cust2193,0
cust2194,0
cust2195,1
cust2196,0
cust2197,1
cust2198,0
cust2199,1
cust2200,0
cust2201,0
cust2202,1
cust2203,0
cust2204,0
cust2205,1
cust2206,1
cust2207,0
cust2208,1
cust2209,0
cust2210,1
cust2211,0
cust2212,1
cust2213,0
cust2214,0
cust2215,0
cust2216,0
cust2217,1
cust2218,1
cust2219,0
cust2220,0
cust2221,0
cust2222,1
cust2223,1
cust2224,0
cust2225,0
cust2226,1
cust2227,0
cust2228,0
cust2229,1
cust2230,1
cust2231,0
cust2232,0
cust2233,1
cust2234,1
cust2235,1
cust2236,1
cust2237,1
cust2238,0
cust2239,1
cust2240,1
cust2241,1
cust2242,0
cust2243,0
cust2244,0
cust2245,1
cust2246,0
cust2247,0
cust2248,0
cust2249,1
cust2250,1
cust2251,1
cust2252,1
cust2253,1
cust2254,1
cust2255,0
cust2256,1
cust2257,1
cust2258,1
cust2259,1
cust2260,0
cust2261,0
cust2262,0
cust2263,0
cust2264,1
cust2265,1
cust2266,0
cust2267,1
cust2268,1
cust2269,1
cust2270,0
cust2271,1
cust2272,1
cust2273,1
cust2274,1
cust2275,1
cust2276,1
cust2277,0
cust2278,0
cust2279,1
cust2280,1
cust2281,1
cust2282,0
cust2283,1
cust2284,1
cust2285,1
cust2286,0
cust2287,0
cust2288,1
cust2289,0
cust2290,1
cust2291,0
cust2292,1
cust2293,1
cust2294,1
cust2295,1
cust2296,1
cust2297,1
cust2298,1
cust2299,1
cust2300,1
cust2301,0
cust2302,1
cust2303,0
cust2304,0
cust2305,1
cust2306,1
cust2307,1
cust2308,1
cust2309,1
cust2310,1
cust2311,0
cust2312,1
cust2313,0
cust2314,1
cust2315,1
cust2316,0
cust2317,1
cust2318,1
cust2319,1
cust2320,1
cust2321,1
cust2322,1
cust2323,1
cust2324,1
cust2325,1
cust2326,0
cust2327,0
cust2328,1
cust2329,0
cust2330,1
cust2331,0
cust2332,0
cust2333,1
cust2334,0
cust2335,0
cust2336,0
cust2337,0
cust2338,0
cust2339,1
cust2340,1
cust2341,1
cust2342,1
cust2343,0
cust2344,1
cust2345,0
cust2346,0
cust2347,1
cust2348,1
cust2349,1
cust2350,1
cust2351,1
cust2352,1
cust2353,0
cust2354,0
cust2355,1
cust2356,0
cust2357,0
cust2358,0
cust2359,0
cust2360,0
cust2361,0
cust2362,1
cust2363,0
cust2364,1
cust2365,0
cust2366,0
cust2367,0
cust2368,1
cust2369,0
cust2370,1
cust2371,1
cust2372,1
cust2373,1
cust2374,1
cust2375,1
cust2376,1
cust2377,1
cust2378,1
cust2379,1
cust2380,0
cust2381,0
cust2382,1
cust2383,1
cust2384,1
cust2385,1
cust2386,1
cust2387,0
cust2388,0
cust2389,0
cust2390,1
cust2391,1
cust2392,1
cust2393,0
cust2394,1
cust2395,1
cust2396,1
cust2397,1
cust2398,1
cust2399,1
cust2400,1
cust2401,0
cust2402,0
cust2403,1
cust2404,1
cust2405,1
cust2406,1
cust2407,1
cust2408,1
cust2409,1
cust2410,1
cust2411,1
cust2412,1
cust2413,1
cust2414,1
cust2415,1
cust2416,0
cust2417,1
cust2418,0
cust2419,1
cust2420,1
cust2421,0
cust2422,1
cust2423,1
cust2424,1
cust2425,0
cust2426,1
cust2427,1
cust2428,1
cust2429,1
cust2430,1
cust2431,0
cust2432,1
cust2433,1
cust2434,1
cust2435,1
cust2436,1
cust2437,1
cust2438,0
cust2439,0
cust2440,1
cust2441,0
cust2442,1
cust2443,1
cust2444,0
cust2445,1
cust2446,1
cust2447,1
cust2448,1
cust2449,0
cust2450,0
cust2451,0
cust2452,1
cust2453,0
cust2454,1
cust2455,1
cust2456,0
cust2457,1
cust2458,0
cust2459,1
cust2460,1
cust2461,0
cust2462,1
cust2463,1
cust2464,0
cust2465,0
cust2466,1
cust2467,0
cust2468,0
cust2469,1
cust2470,1
cust2471,1
cust2472,1
cust2473,1
cust2474,1
cust2475,1
cust2476,1
cust2477,0
cust2478,1
cust2479,0
cust2480,0
cust2481,1
cust2482,0
cust2483,0
cust2484,0
cust2485,1
cust2486,0
cust2487,1
cust2488,1
cust2489,0
cust2490,0
cust2491,1
cust2492,1
cust2493,0
cust2494,1
cust2495,1
cust2496,1
cust2497,1
cust2498,1
cust2499,1
cust2500,0
cust2501,1
cust2502,1
cust2503,0
cust2504,1
cust2505,1
cust2506,1
cust2507,1
cust2508,1
cust2509,0
cust2510,1
cust2511,1
cust2512,1
cust2513,1
cust2514,1
cust2515,1
cust2516,0
cust2517,1
cust2518,1
cust2519,1
cust2520,1
cust2521,1
cust2522,1
cust2523,1
cust2524,1
cust2525,1
cust2526,0
cust2527,1
cust2528,1
cust2529,1
cust2530,1
cust2531,1
cust2532,1
cust2533,0
cust2534,0
cust2535,1
cust2536,1
cust2537,1
cust2538,1
cust2539,1
cust2540,1
cust2541,1
cust2542,0
cust2543,0
cust2544,1
cust2545,1
cust2546,1
cust2547,1
cust2548,1
cust2549,0
cust2550,1
cust2551,1
cust2552,1
cust2553,1
cust2554,1
cust2555,1
cust2556,1
cust2557,0
cust2558,1
cust2559,0
cust2560,1
cust2561,1
cust2562,1
cust2563,1
cust2564,1
cust2565,1
cust2566,1
cust2567,1
cust2568,1
cust2569,1
cust2570,1
cust2571,1
cust2572,0
cust2573,0
cust2574,0
cust2575,0
cust2576,1
cust2577,0
cust2578,1
cust2579,1
cust2580,1
cust2581,1
cust2582,0
cust2583,0
cust2584,1
cust2585,1
cust2586,0
cust2587,0
cust2588,1
cust2589,0
cust2590,1
cust2591,1
cust2592,1
cust2593,1
cust2594,1
cust2595,1
cust2596,1
cust2597,0
cust2598,0
cust2599,0
cust2600,1
cust2601,0
cust2602,1
cust2603,0
cust2604,1
cust2605,1
cust2606,0
cust2607,0
cust2608,0
cust2609,1
cust2610,1
cust2611,1
cust2612,1
cust2613,1
cust2614,1
cust2615,1
cust2616,1
cust2617,0
cust2618,0
cust2619,0
cust2620,1
cust2621,0
cust2622,0
cust2623,1
cust2624,1
cust2625,1
cust2626,1
cust2627,1
cust2628,1
cust2629,1
cust2630,1
cust2631,1
cust2632,1
cust2633,1
cust2634,1
cust2635,1
cust2636,1
cust2637,1
cust2638,1
cust2639,1
cust2640,1
cust2641,0
cust2642,0
cust2643,0
cust2644,1
cust2645,1
cust2646,1
cust2647,0
cust2648,0
cust2649,0
cust2650,0
cust2651,1
cust2652,1
cust2653,1
cust2654,0
cust2655,0
cust2656,1
cust2657,0
cust2658,1
cust2659,1
cust2660,0
cust2661,1
cust2662,0
cust2663,0
cust2664,0
cust2665,0
cust2666,0
cust2667,1
cust2668,1
cust2669,1
cust2670,0
cust2671,1
cust2672,1
cust2673,1
cust2674,1
cust2675,1
cust2676,0
cust2677,1
cust2678,1
cust2679,1
cust2680,1
cust2681,1
cust2682,1
cust2683,0
cust2684,0
cust2685,0
cust2686,1
cust2687,0
cust2688,1
cust2689,0
cust2690,0
cust2691,1
cust2692,0
cust2693,0
cust2694,1
cust2695,1
cust2696,1
cust2697,1
cust2698,0
cust2699,1
cust2700,0
cust2701,0
cust2702,0
cust2703,1
cust2704,1
cust2705,1
cust2706,1
cust2707,1
cust2708,0
cust2709,0
cust2710,1
cust2711,0
cust2712,1
cust2713,1
cust2714,1
cust2715,1
cust2716,1
cust2717,1
cust2718,1
cust2719,1
cust2720,0
cust2721,1
cust2722,0
cust2723,1
cust2724,1
cust2725,0
cust2726,0
cust2727,0
cust2728,1
cust2729,1
cust2730,0
cust2731,1
cust2732,1
cust2733,1
cust2734,1
cust2735,1
cust2736,1
cust2737,1
cust2738,1
cust2739,1
cust2740,1
cust2741,0
cust2742,1
cust2743,1
cust2744,1
cust2745,1
cust2746,0
cust2747,1
cust2748,0
cust2749,1
cust2750,0
cust2751,0
cust2752,0
cust2753,0
cust2754,1
cust2755,0
cust2756,0
cust2757,0
cust2758,1
cust2759,0
cust2760,0
cust2761,1
cust2762,0
cust2763,1
cust2764,0
cust2765,1
cust2766,0
cust2767,1
cust2768,1
cust2769,1
cust2770,1
cust2771,1
cust2772,1
cust2773,0
cust2774,1
cust2775,0
cust2776,1
cust2777,1
cust2778,1
cust2779,1
cust2780,1
cust2781,1
cust2782,1
cust2783,1
cust2784,1
cust2785,1
cust2786,1
cust2787,1
cust2788,1
cust2789,1
cust2790,1
cust2791,1
cust2792,1
cust2793,1
cust2794,1
cust2795,1
cust2796,1
cust2797,1
cust2798,1
cust2799,0
cust2800,1
cust2801,0
cust2802,0
cust2803,1
cust2804,1
cust2805,0
cust2806,0
cust2807,0
cust2808,1
cust2809,1
cust2810,1
cust2811,0
cust2812,1
cust2813,1
cust2814,0
cust2815,1
cust2816,1
cust2817,1
cust2818,1
cust2819,1
cust2820,1
cust2821,0
cust2822,1
cust2823,0
cust2824,1
cust2825,1
cust2826,1
cust2827,0
cust2828,1
cust2829,1
cust2830,1
cust2831,1
cust2832,1
cust2833,1
cust2834,1
cust2835,1
cust2836,1
cust2837,1
cust2838,1
cust2839,0
cust2840,0
cust2841,0
cust2842,1
cust2843,0
cust2844,0
cust2845,1
cust2846,1
cust2847,0
cust2848,1
cust2849,0
cust2850,1
cust2851,1
cust2852,0
cust2853,0
cust2854,1
cust2855,1
cust2856,1
cust2857,0
cust2858,1
cust2859,0
cust2860,1
cust2861,1
cust2862,0
cust2863,1
cust2864,1
cust2865,1
cust2866,0
cust2867,1
cust2868,1
cust2869,1
cust2870,1
cust2871,1
cust2872,1
cust2873,1
cust2874,1
cust2875,1
cust2876,1
cust2877,1
cust2878,1
cust2879,0
cust2880,0
cust2881,0
cust2882,1
cust2883,1
cust2884,0
cust2885,0
cust2886,1
cust2887,0
cust2888,1
cust2889,0
cust2890,1
cust2891,1
cust2892,1
cust2893,1
cust2894,0
cust2895,1
cust2896,1
cust2897,0
cust2898,0
cust2899,1
cust2900,1
cust2901,1
cust2902,0
cust2903,0
cust2904,1
cust2905,1
cust2906,1
cust2907,1
cust2908,1
cust2909,1
cust2910,1
cust2911,1
cust2912,1
cust2913,1
cust2914,1
cust2915,1
cust2916,1
cust2917,1
cust2918,1
cust2919,1
cust2920,1
cust2921,1
cust2922,1
cust2923,1
cust2924,1
cust2925,0
cust2926,0
cust2927,1
cust2928,0
cust2929,0
cust2930,1
cust2931,1
cust2932,1
cust2933,1
cust2934,1
cust2935,0
cust2936,1
cust2937,1
cust2938,1
cust2939,1
cust2940,1
cust2941,1
cust2942,1
cust2943,0
cust2944,1
cust2945,1
cust2946,1
cust2947,0
cust2948,1
cust2949,1
cust2950,0
cust2951,1
cust2952,1
cust2953,1
cust2954,1
cust2955,1
cust2956,1
cust2957,1
cust2958,0
cust2959,1
cust2960,1
cust2961,0
cust2962,1
cust2963,0
cust2964,0
cust2965,1
cust2966,0
cust2967,1
cust2968,1
cust2969,1
cust2970,1
cust2971,1
cust2972,0
cust2973,1
cust2974,0
cust2975,0
cust2976,1
cust2977,0
cust2978,0
cust2979,0
cust2980,1
cust2981,0
cust2982,1
cust2983,1
cust2984,1
cust2985,1
cust2986,0
cust2987,0
cust2988,0
cust2989,0
cust2990,0
cust2991,1
cust2992,1
cust2993,0
cust2994,1
cust2995,0
cust2996,1
cust2997,0
cust2998,1
cust2999,1
cust3000,1
cust3001,1
cust3002,1
cust3003,1
cust3004,1
cust3005,1
cust3006,1
cust3007,0
cust3008,1
cust3009,1
cust3010,1
cust3011,1
cust3012,0
cust3013,1
cust3014,0
cust3015,1
cust3016,1
cust3017,1
cust3018,1
cust3019,1
cust3020,1
cust3021,1
cust3022,1
cust3023,1
cust3024,1
cust3025,1
cust3026,0
cust3027,0
cust3028,0
cust3029,1
cust3030,0
cust3031,1
cust3032,1
cust3033,1
cust3034,1
cust3035,1
cust3036,1
cust3037,1
cust3038,1
cust3039,0
cust3040,1
cust3041,1
cust3042,1
cust3043,1
cust3044,0
cust3045,0
cust3046,1
cust3047,1
cust3048,0
cust3049,1
cust3050,0
cust3051,0
cust3052,1
cust3053,1
cust3054,1
cust3055,1
cust3056,1
cust3057,0
cust3058,0
cust3059,0
cust3060,1
cust3061,0
cust3062,1
cust3063,1
cust3064,0
cust3065,1
cust3066,1
cust3067,0
cust3068,0
cust3069,0
cust3070,1
cust3071,1
cust3072,0
cust3073,1
cust3074,1
cust3075,0
cust3076,1
cust3077,1
cust3078,1
cust3079,1
cust3080,1
cust3081,1
cust3082,1
cust3083,0
cust3084,1
cust3085,0
cust3086,0
cust3087,1
cust3088,1
cust3089,1
cust3090,1
cust3091,1
cust3092,0
cust3093,1
cust3094,0
cust3095,0
cust3096,1
cust3097,1
cust3098,1
cust3099,1
cust3100,1
cust3101,1
cust3102,1
cust3103,1
cust3104,1
cust3105,1
cust3106,1
cust3107,1
cust3108,0
cust3109,1
cust3110,0
cust3111,0
cust3112,0
cust3113,1
cust3114,1
cust3115,1
cust3116,1
cust3117,1
cust3118,1
cust3119,0
cust3120,0
cust3121,1
cust3122,1
cust3123,1
cust3124,0
cust3125,1
cust3126,1
cust3127,0
cust3128,0
cust3129,0
cust3130,0
cust3131,0
cust3132,1
cust3133,0
cust3134,0
cust3135,1
cust3136,1
cust3137,0
cust3138,1
cust3139,1
cust3140,0
cust3141,0
cust3142,0
cust3143,1
cust3144,1
cust3145,1
cust3146,0
cust3147,0
cust3148,0
cust3149,0
cust3150,0
cust3151,1
cust3152,1
cust3153,1
cust3154,1
cust3155,1
cust3156,1
cust3157,1
cust3158,1
cust3159,0
cust3160,1
cust3161,1
cust3162,0
cust3163,1
cust3164,1
cust3165,1
cust3166,1
cust3167,0
cust3168,1
cust3169,1
cust3170,1
cust3171,0
cust3172,1
cust3173,1
cust3174,1
cust3175,0
cust3176,0
cust3177,1
cust3178,1
cust3179,1
cust3180,0
cust3181,1
cust3182,0
cust3183,0
cust3184,1
cust3185,1
cust3186,1
cust3187,1
cust3188,1
cust3189,0
cust3190,1
cust3191,0
cust3192,1
cust3193,1
cust3194,1
cust3195,1
cust3196,1
cust3197,1
cust3198,0
cust3199,0
cust3200,1
cust3201,1
cust3202,1
cust3203,1
cust3204,0
cust3205,1
cust3206,1
cust3207,1
cust3208,1
cust3209,0
cust3210,1
cust3211,1
cust3212,0
cust3213,0
cust3214,0
cust3215,1
cust3216,0
cust3217,1
cust3218,1
cust3219,0
cust3220,1
cust3221,0
cust3222,1
cust3223,1
cust3224,0
cust3225,0
cust3226,0
cust3227,1
cust3228,1
cust3229,0
cust3230,1
cust3231,1
cust3232,1
cust3233,0
cust3234,0
cust3235,1
cust3236,1
cust3237,0
cust3238,0
cust3239,1
cust3240,0
cust3241,0
cust3242,1
cust3243,0
cust3244,0
cust3245,0
cust3246,1
cust3247,1
cust3248,0
cust3249,0
cust3250,1
cust3251,0
cust3252,1
cust3253,1
cust3254,1
cust3255,1
cust3256,0
cust3257,1
cust3258,1
cust3259,1
cust3260,1
cust3261,0
cust3262,0
cust3263,1
cust3264,1
cust3265,0
cust3266,0
cust3267,1
cust3268,0
cust3269,1
cust3270,1
cust3271,0
cust3272,1
cust3273,1
cust3274,0
cust3275,1
cust3276,1
cust3277,0
cust3278,1
cust3279,1
cust3280,1
cust3281,0
cust3282,0
cust3283,1
cust3284,0
cust3285,1
cust3286,1
cust3287,0
cust3288,0
cust3289,1
cust3290,1
cust3291,1
cust3292,1
cust3293,1
cust3294,1
cust3295,1
cust3296,0
cust3297,0
cust3298,1
cust3299,0
cust3300,0
cust3301,1
cust3302,0
cust3303,1
cust3304,1
cust3305,1
cust3306,1
cust3307,1
cust3308,1
cust3309,1
cust3310,1
cust3311,0
cust3312,0
cust3313,0
cust3314,1
cust3315,0
cust3316,1
cust3317,1
cust3318,0
cust3319,1
cust3320,0
cust3321,0
cust3322,0
cust3323,1
cust3324,1
cust3325,1
cust3326,1
cust3327,1
cust3328,0
cust3329,0
cust3330,0
cust3331,0
cust3332,0
cust3333,0
cust3334,1
cust3335,1
cust3336,0
cust3337,1
cust3338,1
cust3339,1
cust3340,0
cust3341,0
cust3342,1
cust3343,1
cust3344,0
cust3345,1
cust3346,0
cust3347,1
cust3348,0
cust3349,0
cust3350,1
cust3351,1
cust3352,1
cust3353,0
cust3354,0
cust3355,1
cust3356,0
cust3357,0
cust3358,0
cust3359,1
cust3360,0
cust3361,1
cust3362,0
cust3363,1
cust3364,1
cust3365,1
cust3366,1
cust3367,0
cust3368,0
cust3369,1
cust3370,1
cust3371,1
cust3372,1
cust3373,1
cust3374,1
cust3375,0
cust3376,1
cust3377,1
cust3378,0
cust3379,1
cust3380,0
cust3381,1
cust3382,1
cust3383,1
cust3384,0
cust3385,1
cust3386,0
cust3387,0
cust3388,1
cust3389,1
cust3390,1
cust3391,1
cust3392,1
cust3393,1
cust3394,0
cust3395,1
cust3396,0
cust3397,1
cust3398,0
cust3399,1
cust3400,0
cust3401,0
cust3402,1
cust3403,1
cust3404,0
cust3405,1
cust3406,1
cust3407,0
cust3408,0
cust3409,1
cust3410,1
cust3411,0
cust3412,1
cust3413,1
cust3414,1
cust3415,1
cust3416,1
cust3417,0
cust3418,1
cust3419,1
cust3420,1
cust3421,1
cust3422,1
cust3423,1
cust3424,0
cust3425,0
cust3426,0
cust3427,0
cust3428,1
cust3429,0
cust3430,0
cust3431,0
cust3432,0
cust3433,1
cust3434,0
cust3435,0
cust3436,1
cust3437,0
cust3438,0
cust3439,0
cust3440,1
cust3441,1
cust3442,1
cust3443,1
cust3444,0
cust3445,1
cust3446,0
cust3447,1
cust3448,1
cust3449,0
cust3450,0
cust3451,0
cust3452,1
cust3453,1
cust3454,0
cust3455,1
cust3456,0
cust3457,1
cust3458,0
cust3459,0
cust3460,1
cust3461,1
cust3462,0
cust3463,1
cust3464,1
cust3465,1
cust3466,1
cust3467,0
cust3468,0
cust3469,0
cust3470,0
cust3471,1
cust3472,0
cust3473,0
cust3474,1
cust3475,1
cust3476,1
cust3477,1
cust3478,1
cust3479,1
cust3480,1
cust3481,1
cust3482,1
cust3483,0
cust3484,0
cust3485,0
cust3486,1
cust3487,1
cust3488,1
cust3489,0
cust3490,1
cust3491,1
cust3492,1
cust3493,1
cust3494,0
cust3495,1
cust3496,1
cust3497,1
cust3498,0
cust3499,0
cust3500,0
cust3501,0
cust3502,1
cust3503,1
cust3504,0
cust3505,1
cust3506,0
cust3507,1
cust3508,1
cust3509,0
cust3510,0
cust3511,1
cust3512,1
cust3513,0
cust3514,1
cust3515,0
cust3516,1
cust3517,1
cust3518,0
cust3519,0
cust3520,0
cust3521,0
cust3522,0
cust3523,1
cust3524,0
cust3525,0
cust3526,0
cust3527,0
cust3528,1
cust3529,1
cust3530,0
cust3531,1
cust3532,1
cust3533,1
cust3534,1
cust3535,0
cust3536,0
cust3537,1
cust3538,1
cust3539,1
cust3540,0
cust3541,0
cust3542,1
cust3543,1
cust3544,1
cust3545,0
cust3546,0
cust3547,1
cust3548,0
cust3549,1
cust3550,0
cust3551,1
cust3552,0
cust3553,1
cust3554,1
cust3555,1
cust3556,0
cust3557,1
cust3558,1
cust3559,0
cust3560,1
cust3561,0
cust3562,0
cust3563,1
cust3564,1
cust3565,0
cust3566,1
cust3567,1
cust3568,1
cust3569,1
cust3570,1
cust3571,1
cust3572,0
cust3573,0
cust3574,0
cust3575,0
cust3576,0
cust3577,1
cust3578,1
cust3579,1
cust3580,1
cust3581,0
cust3582,0
cust3583,1
cust3584,1
cust3585,0
cust3586,1
cust3587,1
cust3588,0
cust3589,0
cust3590,0
cust3591,0
cust3592,1
cust3593,1
cust3594,1
cust3595,0
cust3596,1
cust3597,1
cust3598,0
cust3599,0
cust3600,1
cust3601,1
cust3602,0
cust3603,1
cust3604,1
cust3605,1
cust3606,1
cust3607,1
cust3608,1
cust3609,1
cust3610,0
cust3611,0
cust3612,1
cust3613,0
cust3614,0
cust3615,0
cust3616,1
cust3617,0
cust3618,1
cust3619,0
cust3620,1
cust3621,1
cust3622,0
cust3623,0
cust3624,1
cust3625,1
cust3626,1
cust3627,1
cust3628,1
cust3629,0
cust3630,1
cust3631,0
cust3632,1
cust3633,0
cust3634,1
cust3635,1
cust3636,1
cust3637,1
cust3638,0
cust3639,1
cust3640,0
cust3641,0
cust3642,0
cust3643,1
cust3644,0
cust3645,1
cust3646,0
cust3647,1
cust3648,1
cust3649,1
cust3650,1
cust3651,0
cust3652,1
cust3653,1
cust3654,1
cust3655,1
cust3656,1
cust3657,0
cust3658,0
cust3659,0
cust3660,1
cust3661,1
cust3662,1
cust3663,1
cust3664,0
cust3665,0
cust3666,0
cust3667,0
cust3668,0
cust3669,1
cust3670,1
cust3671,1
cust3672,0
cust3673,1
cust3674,1
cust3675,1
cust3676,0
cust3677,1
cust3678,0
cust3679,1
cust3680,0
cust3681,1
cust3682,0
cust3683,1
cust3684,0
cust3685,1
cust3686,1
cust3687,1
cust3688,1
cust3689,0
cust3690,0
cust3691,0
cust3692,1
cust3693,0
cust3694,0
cust3695,0
cust3696,1
cust3697,0
cust3698,0
cust3699,0
cust3700,1
cust3701,0
cust3702,1
cust3703,1
cust3704,0
cust3705,1
cust3706,1
cust3707,0
cust3708,1
cust3709,1
cust3710,1
cust3711,0
cust3712,1
cust3713,0
cust3714,1
cust3715,1
cust3716,1
cust3717,0
cust3718,1
cust3719,1
cust3720,0
cust3721,1
cust3722,1
cust3723,0
cust3724,0
cust3725,1
cust3726,0
cust3727,1
cust3728,1
cust3729,1
cust3730,1
cust3731,0
cust3732,1
cust3733,0
cust3734,1
cust3735,0
cust3736,0
cust3737,1
cust3738,0
cust3739,0
cust3740,0
cust3741,0
cust3742,0
cust3743,1
cust3744,1
cust3745,0
cust3746,1
cust3747,0
cust3748,1
cust3749,1
cust3750,0
cust3751,0
cust3752,1
cust3753,0
cust3754,1
cust3755,0
cust3756,0
cust3757,1
cust3758,0
cust3759,0
cust3760,1
cust3761,0
cust3762,1
cust3763,1
cust3764,1
cust3765,1
cust3766,1
cust3767,0
cust3768,1
cust3769,0
cust3770,1
cust3771,1
cust3772,1
cust3773,1
cust3774,1
cust3775,0
cust3776,0
cust3777,0
cust3778,0
cust3779,1
cust3780,1
cust3781,1
cust3782,0
cust3783,0
cust3784,0
cust3785,0
cust3786,1
cust3787,0
cust3788,0
cust3789,1
cust3790,1
cust3791,1
cust3792,0
cust3793,0
cust3794,1
cust3795,1
cust3796,1
cust3797,1
cust3798,1
cust3799,1
cust3800,1
cust3801,1
cust3802,1
cust3803,0
cust3804,1
cust3805,1
cust3806,1
cust3807,1
cust3808,1
cust3809,0
cust3810,1
cust3811,1
cust3812,1
cust3813,0
cust3814,0
cust3815,1
cust3816,0
cust3817,0
cust3818,1
cust3819,1
cust3820,1
cust3821,0
cust3822,1
cust3823,0
cust3824,0
cust3825,0
cust3826,1
cust3827,0
cust3828,0
cust3829,0
cust3830,1
cust3831,1
cust3832,1
cust3833,0
cust3834,1
cust3835,1
cust3836,1
cust3837,1
cust3838,0
cust3839,1
cust3840,1
cust3841,1
cust3842,1
cust3843,1
cust3844,0
cust3845,0
cust3846,0
cust3847,0
cust3848,1
cust3849,0
cust3850,0
cust3851,0
cust3852,0
cust3853,1
cust3854,0
cust3855,1
cust3856,1
cust3857,1
cust3858,1
cust3859,0
cust3860,1
cust3861,0
cust3862,1
cust3863,0
cust3864,1
cust3865,1
cust3866,1
cust3867,1
cust3868,0
cust3869,1
cust3870,1
cust3871,1
cust3872,0
cust3873,1
cust3874,0
cust3875,0
cust3876,1
cust3877,1
cust3878,0
cust3879,1
cust3880,0
cust3881,1
cust3882,1
cust3883,1
cust3884,1
cust3885,0
cust3886,1
cust3887,0
cust3888,0
cust3889,1
cust3890,1
cust3891,1
cust3892,1
cust3893,1
cust3894,1
cust3895,0
cust3896,0
cust3897,0
cust3898,0
cust3899,0
cust3900,1
cust3901,1
cust3902,1
cust3903,1
cust3904,1
cust3905,1
cust3906,1
cust3907,1
cust3908,1
cust3909,0
cust3910,1
cust3911,1
cust3912,1
cust3913,0
cust3914,1
cust3915,1
cust3916,1
cust3917,1
cust3918,0
cust3919,1
cust3920,1
cust3921,1
cust3922,1
cust3923,1
cust3924,1
cust3925,1
cust3926,1
cust3927,1
cust3928,0
cust3929,1
cust3930,0
cust3931,1
cust3932,1
cust3933,1
cust3934,0
cust3935,1
cust3936,0
cust3937,0
cust3938,0
cust3939,1
cust3940,1
cust3941,1
cust3942,1
cust3943,1
cust3944,1
cust3945,1
cust3946,1
cust3947,0
cust3948,1
cust3949,1
cust3950,1
cust3951,1
cust3952,1
cust3953,1
cust3954,1
cust3955,1
cust3956,1
cust3957,1
cust3958,1
cust3959,1
cust3960,1
cust3961,1
cust3962,1
cust3963,1
cust3964,0
cust3965,1
cust3966,1
cust3967,0
cust3968,0
cust3969,1
cust3970,0
cust3971,0
cust3972,1
cust3973,1
cust3974,1
cust3975,1
cust3976,1
cust3977,1
cust3978,1
cust3979,1
cust3980,1
cust3981,0
cust3982,1
cust3983,1
cust3984,1
cust3985,1
cust3986,0
cust3987,0
cust3988,0
cust3989,0
cust3990,0
cust3991,0
cust3992,0
cust3993,1
cust3994,1
cust3995,1
cust3996,0
cust3997,1
cust3998,0
cust3999,0
cust4000,1
cust4001,1
cust4002,1
cust4003,1
cust4004,0
cust4005,1
cust4006,1
cust4007,1
cust4008,1
cust4009,1
cust4010,0
cust4011,1
cust4012,0
cust4013,1
cust4014,0
cust4015,1
cust4016,1
cust4017,1
cust4018,1
cust4019,0
cust4020,1
cust4021,1
cust4022,1
cust4023,1
cust4024,1
cust4025,1
cust4026,0
cust4027,0
cust4028,1
cust4029,1
cust4030,0
cust4031,1
cust4032,1
cust4033,1
cust4034,1
cust4035,1
cust4036,1
cust4037,0
cust4038,1
cust4039,1
cust4040,0
cust4041,1
cust4042,0
cust4043,1
cust4044,1
cust4045,1
cust4046,1
cust4047,1
cust4048,1
cust4049,0
cust4050,1
cust4051,1
cust4052,1
cust4053,0
cust4054,0
cust4055,0
cust4056,0
cust4057,0
cust4058,1
cust4059,1
cust4060,0
cust4061,0
cust4062,0
cust4063,0
cust4064,0
cust4065,0
cust4066,1
cust4067,0
cust4068,0
cust4069,0
cust4070,0
cust4071,0
cust4072,0
cust4073,0
cust4074,0
cust4075,0
cust4076,0
cust4077,0
cust4078,0
cust4079,0
cust4080,0
cust4081,0
cust4082,0
cust4083,0
cust4084,0
cust4085,0
cust4086,0
cust4087,0
cust4088,0
cust4089,0
cust4090,0
cust4091,0
cust4092,0
cust4093,0
cust4094,0
cust4095,0
cust4096,0
cust4097,0
cust4098,0
cust4099,0
cust4100,0
cust4101,0
cust4102,0
cust4103,0
cust4104,0
cust4105,0
cust4106,0
cust4107,0
cust4108,0
cust4109,1
cust4110,0
cust4111,0
cust4112,0
cust4113,1
cust4114,1
cust4115,0
cust4116,1
cust4117,1
cust4118,1
cust4119,1
cust4120,1
cust4121,0
cust4122,1
cust4123,0
cust4124,0
cust4125,0
cust4126,1
cust4127,0
cust4128,1
cust4129,0
cust4130,0
cust4131,1
cust4132,1
cust4133,1
cust4134,0
cust4135,0
cust4136,1
cust4137,1
cust4138,1
cust4139,1
cust4140,1
cust4141,1
cust4142,1
cust4143,1
cust4144,1
cust4145,0
cust4146,0
cust4147,1
cust4148,0
cust4149,1
cust4150,1
cust4151,1
cust4152,1
cust4153,1
cust4154,1
cust4155,1
cust4156,1
cust4157,0
cust4158,0
cust4159,1
cust4160,1
cust4161,1
cust4162,0
cust4163,0
cust4164,0
cust4165,0
cust4166,0
cust4167,0
cust4168,1
cust4169,0
cust4170,1
cust4171,1
cust4172,1
cust4173,1
cust4174,1
cust4175,1
cust4176,1
cust4177,1
cust4178,1
cust4179,1
cust4180,1
cust4181,1
cust4182,1
cust4183,1
cust4184,0
cust4185,1
cust4186,1
cust4187,1
cust4188,0
cust4189,0
cust4190,1
cust4191,1
cust4192,0
cust4193,0
cust4194,1
cust4195,1
cust4196,1
cust4197,0
cust4198,1
cust4199,0
cust4200,0
cust4201,1
cust4202,1
cust4203,0
cust4204,0
cust4205,0
cust4206,1
cust4207,1
cust4208,1
cust4209,1
cust4210,0
cust4211,1
cust4212,1
cust4213,0
cust4214,0
cust4215,0
cust4216,1
cust4217,0
cust4218,1
cust4219,0
cust4220,0
cust4221,1
cust4222,1
cust4223,0
cust4224,1
cust4225,0
cust4226,1
cust4227,0
cust4228,1
cust4229,1
cust4230,1
cust4231,0
cust4232,1
cust4233,1
cust4234,0
cust4235,0
cust4236,1
cust4237,0
cust4238,0
cust4239,1
cust4240,1
cust4241,1
cust4242,1
cust4243,0
cust4244,1
cust4245,0
cust4246,0
cust4247,1
cust4248,1
cust4249,0
cust4250,0
cust4251,1
cust4252,1
cust4253,1
cust4254,1
cust4255,0
cust4256,0
cust4257,0
cust4258,0
cust4259,1
cust4260,1
cust4261,1
cust4262,1
cust4263,0
cust4264,1
cust4265,1
cust4266,0
cust4267,1
cust4268,0
cust4269,0
cust4270,0
cust4271,1
cust4272,1
cust4273,1
cust4274,1
cust4275,0
cust4276,1
cust4277,1
cust4278,1
cust4279,1
cust4280,0
cust4281,1
cust4282,1
cust4283,1
cust4284,0
cust4285,0
cust4286,0
cust4287,0
cust4288,1
cust4289,0
cust4290,1
cust4291,1
cust4292,1
cust4293,1
cust4294,0
cust4295,1
cust4296,1
cust4297,1
cust4298,0
cust4299,0
cust4300,1
cust4301,0
cust4302,1
cust4303,1
cust4304,1
cust4305,0
cust4306,1
cust4307,1
cust4308,1
cust4309,1
cust4310,0
cust4311,1
cust4312,0
cust4313,0
cust4314,0
cust4315,1
cust4316,1
cust4317,1
cust4318,1
cust4319,0
cust4320,1
cust4321,0
cust4322,1
cust4323,1
cust4324,1
cust4325,1
cust4326,1
cust4327,1
cust4328,0
cust4329,1
cust4330,1
cust4331,1
cust4332,0
cust4333,1
cust4334,1
cust4335,1
cust4336,1
cust4337,0
cust4338,1
cust4339,1
cust4340,0
cust4341,1
cust4342,0
cust4343,1
cust4344,0
cust4345,1
cust4346,1
cust4347,0
cust4348,1
cust4349,1
cust4350,0
cust4351,0
cust4352,1
cust4353,1
cust4354,0
cust4355,1
cust4356,1
cust4357,1
cust4358,1
cust4359,1
cust4360,0
cust4361,1
cust4362,0
cust4363,1
cust4364,0
cust4365,1
cust4366,1
cust4367,1
cust4368,1
cust4369,0
cust4370,1
cust4371,1
cust4372,0
cust4373,0
cust4374,0
cust4375,0
cust4376,1
cust4377,0
cust4378,0
cust4379,0
cust4380,0
cust4381,1
cust4382,0
cust4383,1
cust4384,0
cust4385,1
cust4386,0
cust4387,0
cust4388,1
cust4389,1
cust4390,1
cust4391,1
cust4392,1
cust4393,1
cust4394,1
cust4395,1
cust4396,1
cust4397,1
cust4398,1
cust4399,1
cust4400,0
cust4401,0
cust4402,1
cust4403,1
cust4404,1
cust4405,1
cust4406,1
cust4407,0
cust4408,1
cust4409,1
cust4410,0
cust4411,1
cust4412,0
cust4413,1
cust4414,1
cust4415,0
cust4416,1
cust4417,0
cust4418,0
cust4419,0
cust4420,1
cust4421,0
cust4422,1
cust4423,0
cust4424,0
cust4425,1
cust4426,0
cust4427,1
cust4428,1
cust4429,0
cust4430,1
cust4431,1
cust4432,0
cust4433,0
cust4434,1
cust4435,1
cust4436,0
cust4437,1
cust4438,1
cust4439,0
cust4440,1
cust4441,1
cust4442,0
cust4443,1
cust4444,1
cust4445,0
cust4446,0
cust4447,0
cust4448,1
cust4449,1
cust4450,1
cust4451,1
cust4452,1
cust4453,1
cust4454,1
cust4455,0
cust4456,0
cust4457,1
cust4458,0
cust4459,1
cust4460,1
cust4461,1
cust4462,1
cust4463,1
cust4464,0
cust4465,1
cust4466,1
cust4467,1
cust4468,1
cust4469,1
cust4470,0
cust4471,1
cust4472,1
cust4473,0
cust4474,0
cust4475,1
cust4476,1
cust4477,1
cust4478,1
cust4479,0
cust4480,1
cust4481,1
cust4482,1
cust4483,1
cust4484,1
cust4485,1
cust4486,1
cust4487,1
cust4488,0
cust4489,1
cust4490,0
cust4491,0
cust4492,0
cust4493,1
cust4494,1
cust4495,0
cust4496,0
cust4497,1
cust4498,1
cust4499,1
cust4500,1
cust4501,1
cust4502,0
cust4503,0
cust4504,1
cust4505,1
cust4506,0
cust4507,1
cust4508,0
cust4509,1
cust4510,0
cust4511,1
cust4512,1
cust4513,1
cust4514,1
cust4515,1
cust4516,1
cust4517,1
cust4518,1
cust4519,1
cust4520,0
cust4521,0
cust4522,1
cust4523,1
cust4524,0
cust4525,0
cust4526,1
cust4527,0
cust4528,0
cust4529,0
cust4530,1
cust4531,1
cust4532,0
cust4533,0
cust4534,1
cust4535,0
cust4536,1
cust4537,1
cust4538,1
cust4539,1
cust4540,0
cust4541,0
cust4542,1
cust4543,0
cust4544,0
cust4545,0
cust4546,0
cust4547,1
cust4548,1
cust4549,0
cust4550,1
cust4551,1
cust4552,1
cust4553,1
cust4554,1
cust4555,1
cust4556,0
cust4557,1
cust4558,1
cust4559,1
cust4560,1
cust4561,0
cust4562,1
cust4563,1
cust4564,1
cust4565,1
cust4566,0
cust4567,1
cust4568,1
cust4569,1
cust4570,1
cust4571,0
cust4572,1
cust4573,0
cust4574,0
cust4575,1
cust4576,1
cust4577,1
cust4578,1
cust4579,1
cust4580,1
cust4581,1
cust4582,0
cust4583,1
cust4584,0
cust4585,1
cust4586,1
cust4587,1
cust4588,0
cust4589,1
cust4590,1
cust4591,0
cust4592,0
cust4593,0
cust4594,1
cust4595,1
cust4596,0
cust4597,1
cust4598,1
cust4599,0
cust4600,0
cust4601,1
cust4602,0
cust4603,1
cust4604,1
cust4605,0
cust4606,1
cust4607,1
cust4608,1
cust4609,1
cust4610,0
cust4611,1
cust4612,1
cust4613,1
cust4614,1
cust4615,0
cust4616,1
cust4617,1
cust4618,1
cust4619,1
cust4620,1
cust4621,0
cust4622,1
cust4623,1
cust4624,0
cust4625,1
cust4626,1
cust4627,1
cust4628,1
cust4629,1
cust4630,1
cust4631,1
cust4632,0
cust4633,1
cust4634,1
cust4635,1
cust4636,1
cust4637,0
cust4638,1
cust4639,0
cust4640,1
cust4641,1
cust4642,1
cust4643,1
cust4644,1
cust4645,1
cust4646,0
cust4647,0
cust4648,1
cust4649,1
cust4650,0
cust4651,0
cust4652,0
cust4653,0
cust4654,1
cust4655,1
cust4656,1
cust4657,0
cust4658,0
cust4659,1
cust4660,1
cust4661,1
cust4662,0
cust4663,1
cust4664,0
cust4665,0
cust4666,0
cust4667,1
cust4668,1
cust4669,1
cust4670,1
cust4671,1
cust4672,1
cust4673,1
cust4674,1
cust4675,1
cust4676,0
cust4677,1
cust4678,0
cust4679,1
cust4680,0
cust4681,1
cust4682,1
cust4683,1
cust4684,0
cust4685,0
cust4686,1
cust4687,1
cust4688,1
cust4689,1
cust4690,0
cust4691,1
cust4692,0
cust4693,0
cust4694,0
cust4695,1
cust4696,1
cust4697,1
cust4698,1
cust4699,0
cust4700,1
cust4701,1
cust4702,0
cust4703,0
cust4704,1
cust4705,1
cust4706,0
cust4707,0
cust4708,1
cust4709,1
cust4710,0
cust4711,1
cust4712,1
cust4713,0
cust4714,0
cust4715,0
cust4716,1
cust4717,1
cust4718,1
cust4719,0
cust4720,0
cust4721,1
cust4722,1
cust4723,0
cust4724,0
cust4725,1
cust4726,0
cust4727,1
cust4728,0
cust4729,0
cust4730,0
cust4731,1
cust4732,1
cust4733,1
cust4734,1
cust4735,1
cust4736,0
cust4737,1
cust4738,0
cust4739,1
cust4740,1
cust4741,1
cust4742,0
cust4743,0
cust4744,1
cust4745,1
cust4746,1
cust4747,1
cust4748,1
cust4749,1
cust4750,1
cust4751,1
cust4752,0
cust4753,0
cust4754,1
cust4755,0
cust4756,1
cust4757,1
cust4758,1
cust4759,0
cust4760,1
cust4761,1
cust4762,0
cust4763,1
cust4764,1
cust4765,0
cust4766,1
cust4767,1
cust4768,0
cust4769,1
cust4770,0
cust4771,1
cust4772,1
cust4773,1
cust4774,0
cust4775,0
cust4776,1
cust4777,1
cust4778,0
cust4779,1
cust4780,0
cust4781,1
cust4782,0
cust4783,1
cust4784,1
cust4785,1
cust4786,1
cust4787,1
cust4788,0
cust4789,1
cust4790,0
cust4791,1
cust4792,1
cust4793,1
cust4794,0
cust4795,1
cust4796,1
cust4797,1
cust4798,1
cust4799,1
cust4800,1
cust4801,1
cust4802,1
cust4803,0
cust4804,0
cust4805,1
cust4806,1
cust4807,1
cust4808,1
cust4809,1
cust4810,1
cust4811,0
cust4812,1
cust4813,1
cust4814,1
cust4815,1
cust4816,1
cust4817,0
cust4818,0
cust4819,1
cust4820,1
cust4821,1
cust4822,1
cust4823,0
cust4824,0
cust4825,0
cust4826,1
cust4827,0
cust4828,0
cust4829,1
cust4830,1
cust4831,1
cust4832,1
cust4833,1
cust4834,1
cust4835,0
cust4836,0
cust4837,1
cust4838,0
cust4839,1
cust4840,1
cust4841,0
cust4842,0
cust4843,1
cust4844,1
cust4845,1
cust4846,1
cust4847,1
cust4848,0
cust4849,1
cust4850,0
cust4851,1
cust4852,0
cust4853,1
cust4854,1
cust4855,0
cust4856,0
cust4857,1
cust4858,1
cust4859,1
cust4860,1
cust4861,0
cust4862,0
cust4863,1
cust4864,0
cust4865,0
cust4866,1
cust4867,1
cust4868,1
cust4869,1
cust4870,1
cust4871,1
cust4872,0
cust4873,1
cust4874,1
cust4875,0
cust4876,1
cust4877,1
cust4878,1
cust4879,1
cust4880,1
cust4881,1
cust4882,1
cust4883,0
cust4884,1
cust4885,1
cust4886,1
cust4887,0
cust4888,1
cust4889,1
cust4890,1
cust4891,1
cust4892,1
cust4893,1
cust4894,1
cust4895,1
cust4896,1
cust4897,0
cust4898,1
cust4899,1
cust4900,1
cust4901,0
cust4902,0
cust4903,0
cust4904,0
cust4905,0
cust4906,0
cust4907,1
cust4908,1
cust4909,0
cust4910,1
cust4911,1
cust4912,0
cust4913,0
cust4914,1
cust4915,1
cust4916,0
cust4917,1
cust4918,1
cust4919,0
cust4920,1
cust4921,0
cust4922,1
cust4923,1
cust4924,1
cust4925,1
cust4926,1
cust4927,1
cust4928,1
cust4929,1
cust4930,1
cust4931,1
cust4932,1
cust4933,0
cust4934,1
cust4935,0
cust4936,1
cust4937,1
cust4938,1
cust4939,1
cust4940,0
cust4941,0
cust4942,0
cust4943,1
cust4944,1
cust4945,1
cust4946,1
cust4947,1
cust4948,1
cust4949,1
cust4950,1
cust4951,0
cust4952,1
cust4953,1
cust4954,1
cust4955,0
cust4956,1
cust4957,1
cust4958,1
cust4959,1
cust4960,1
cust4961,0
cust4962,0
cust4963,0
cust4964,1
cust4965,1
cust4966,1
cust4967,1
cust4968,1
cust4969,1
cust4970,1
cust4971,1
cust4972,0
cust4973,1
cust4974,1
cust4975,1
cust4976,1
cust4977,1
cust4978,0
cust4979,1
cust4980,1
cust4981,0
cust4982,0
cust4983,0
cust4984,1
cust4985,1
cust4986,1
cust4987,1
cust4988,0
cust4989,1
cust4990,1
cust4991,0
cust4992,1
cust4993,1
cust4994,0
cust4995,1
cust4996,0
cust4997,0
cust4998,0
cust4999,1
cust5000,1
cust5001,1
cust5002,1
cust5003,1
cust5004,1
cust5005,0
cust5006,1
cust5007,0
cust5008,0
cust5009,1
cust5010,0
cust5011,0
cust5012,1
cust5013,0
cust5014,1
cust5015,1
cust5016,1
cust5017,1
cust5018,1
cust5019,1
cust5020,0
cust5021,0
cust5022,0
cust5023,1
cust5024,1
cust5025,0
cust5026,1
cust5027,1
cust5028,1
cust5029,1
cust5030,0
cust5031,0
cust5032,0
cust5033,0
cust5034,1
cust5035,1
cust5036,0
cust5037,1
cust5038,0
cust5039,1
cust5040,0
cust5041,1
cust5042,1
cust5043,1
cust5044,0
cust5045,1
cust5046,0
cust5047,1
cust5048,0
cust5049,1
cust5050,1
cust5051,0
cust5052,1
cust5053,0
cust5054,1
cust5055,1
cust5056,0
cust5057,0
cust5058,1
cust5059,1
cust5060,1
cust5061,1
cust5062,0
cust5063,1
cust5064,1
cust5065,0
cust5066,1
cust5067,0
cust5068,1
cust5069,1
cust5070,1
cust5071,1
cust5072,1
cust5073,1
cust5074,1
cust5075,1
cust5076,0
cust5077,1
cust5078,1
cust5079,0
cust5080,0
cust5081,1
cust5082,0
cust5083,1
cust5084,0
cust5085,1
cust5086,0
cust5087,1
cust5088,1
cust5089,1
cust5090,0
cust5091,0
cust5092,0
cust5093,1
cust5094,1
cust5095,1
cust5096,1
cust5097,1
cust5098,0
cust5099,0
cust5100,0
cust5101,0
cust5102,0
cust5103,0
cust5104,0
cust5105,0
cust5106,1
cust5107,1
cust5108,1
cust5109,0
cust5110,0
cust5111,0
cust5112,0
cust5113,0
cust5114,1
cust5115,1
cust5116,1
cust5117,1
cust5118,1
cust5119,0
cust5120,0
cust5121,0
cust5122,1
cust5123,0
cust5124,0
cust5125,1
cust5126,1
cust5127,1
cust5128,1
cust5129,1
cust5130,1
cust5131,0
cust5132,1
cust5133,1
cust5134,1
cust5135,1
cust5136,0
cust5137,1
cust5138,1
cust5139,1
cust5140,0
cust5141,1
cust5142,1
cust5143,0
cust5144,0
cust5145,1
cust5146,1
cust5147,0
cust5148,0
cust5149,1
cust5150,1
cust5151,1
cust5152,1
cust5153,0
cust5154,0
cust5155,1
cust5156,0
cust5157,0
cust5158,1
cust5159,0
cust5160,0
cust5161,0
cust5162,1
cust5163,0
cust5164,0
cust5165,0
cust5166,1
cust5167,0
cust5168,1
cust5169,1
cust5170,1
cust5171,1
cust5172,1
cust5173,0
cust5174,0
cust5175,1
cust5176,1
cust5177,1
cust5178,1
cust5179,0
cust5180,0
cust5181,0
cust5182,1
cust5183,0
cust5184,1
cust5185,0
cust5186,1
cust5187,0
cust5188,1
cust5189,0
cust5190,0
cust5191,1
cust5192,0
cust5193,0
cust5194,0
cust5195,0
cust5196,1
cust5197,1
cust5198,1
cust5199,0
cust5200,0
cust5201,1
cust5202,0
cust5203,1
cust5204,1
cust5205,1
cust5206,1
cust5207,1
cust5208,0
cust5209,1
cust5210,0
cust5211,1
cust5212,0
cust5213,1
cust5214,0
cust5215,1
cust5216,0
cust5217,0
cust5218,0
cust5219,1
cust5220,1
cust5221,1
cust5222,0
cust5223,1
cust5224,1
cust5225,0
cust5226,0
cust5227,1
cust5228,1
cust5229,1
cust5230,1
cust5231,0
cust5232,0
cust5233,1
cust5234,1
cust5235,0
cust5236,0
cust5237,0
cust5238,1
cust5239,1
cust5240,1
cust5241,1
cust5242,1
cust5243,1
cust5244,1
cust5245,1
cust5246,0
cust5247,1
cust5248,0
cust5249,1
cust5250,1
cust5251,1
cust5252,1
cust5253,1
cust5254,1
cust5255,1
cust5256,0
cust5257,0
cust5258,1
cust5259,1
cust5260,0
cust5261,1
cust5262,1
cust5263,0
cust5264,1
cust5265,1
cust5266,0
cust5267,0
cust5268,1
cust5269,1
cust5270,1
cust5271,0
cust5272,0
cust5273,1
cust5274,1
cust5275,1
cust5276,1
cust5277,1
cust5278,1
cust5279,0
cust5280,1
cust5281,1
cust5282,0
cust5283,1
cust5284,1
cust5285,1
cust5286,1
cust5287,1
cust5288,1
cust5289,0
cust5290,1
cust5291,0
cust5292,1
cust5293,0
cust5294,1
cust5295,0
cust5296,0
cust5297,0
cust5298,1
cust5299,1
cust5300,1
cust5301,0
cust5302,1
cust5303,0
cust5304,1
cust5305,0
cust5306,1
cust5307,0
cust5308,0
cust5309,1
cust5310,0
cust5311,1
cust5312,1
cust5313,1
cust5314,0
cust5315,0
cust5316,1
cust5317,1
cust5318,1
cust5319,0
cust5320,1
cust5321,0
cust5322,1
cust5323,0
cust5324,0
cust5325,1
cust5326,0
cust5327,0
cust5328,1
cust5329,1
cust5330,1
cust5331,1
cust5332,1
cust5333,1
cust5334,0
cust5335,0
cust5336,1
cust5337,1
cust5338,0
cust5339,0
cust5340,1
cust5341,1
cust5342,1
cust5343,1
cust5344,1
cust5345,1
cust5346,0
cust5347,0
cust5348,1
cust5349,0
cust5350,1
cust5351,1
cust5352,0
cust5353,1
cust5354,1
cust5355,0
cust5356,1
cust5357,0
cust5358,1
cust5359,1
cust5360,0
cust5361,1
cust5362,1
cust5363,0
cust5364,1
cust5365,0
cust5366,0
cust5367,0
cust5368,1
cust5369,0
cust5370,1
cust5371,1
cust5372,1
cust5373,1
cust5374,1
cust5375,1
cust5376,1
cust5377,0
cust5378,0
cust5379,0
cust5380,1
cust5381,1
cust5382,1
cust5383,1
cust5384,1
cust5385,1
cust5386,0
cust5387,1
cust5388,1
cust5389,1
cust5390,1
cust5391,1
cust5392,1
cust5393,1
cust5394,1
cust5395,1
cust5396,1
cust5397,1
cust5398,1
cust5399,1
cust5400,1
cust5401,1
cust5402,0
cust5403,1
cust5404,1
cust5405,1
cust5406,1
cust5407,1
cust5408,0
cust5409,1
cust5410,1
cust5411,0
cust5412,0
cust5413,1
cust5414,1
cust5415,0
cust5416,0
cust5417,1
cust5418,1
cust5419,0
cust5420,0
cust5421,0
cust5422,0
cust5423,1
cust5424,0
cust5425,1
cust5426,1
cust5427,1
cust5428,1
cust5429,1
cust5430,1
cust5431,0
cust5432,1
cust5433,0
cust5434,1
cust5435,1
cust5436,1
cust5437,0
cust5438,0
cust5439,0
cust5440,1
cust5441,0
cust5442,1
cust5443,1
cust5444,1
cust5445,1
cust5446,1
cust5447,1
cust5448,0
cust5449,0
cust5450,0
cust5451,0
cust5452,0
cust5453,0
cust5454,0
cust5455,1
cust5456,0
cust5457,1
cust5458,1
cust5459,1
cust5460,1
cust5461,1
cust5462,1
cust5463,0
cust5464,0
cust5465,1
cust5466,1
cust5467,0
cust5468,0
cust5469,0
cust5470,1
cust5471,1
cust5472,1
cust5473,1
cust5474,1
cust5475,1
cust5476,0
cust5477,1
cust5478,1
cust5479,1
cust5480,0
cust5481,0
cust5482,1
cust5483,1
cust5484,0
cust5485,0
cust5486,1
cust5487,1
cust5488,1
cust5489,0
cust5490,1
cust5491,0
cust5492,1
cust5493,0
cust5494,0
cust5495,1
cust5496,0
cust5497,1
cust5498,1
cust5499,1
cust5500,1
cust5501,1
cust5502,0
cust5503,0
cust5504,1
cust5505,1
cust5506,1
cust5507,1
cust5508,1
cust5509,1
cust5510,1
cust5511,1
cust5512,1
cust5513,1
cust5514,1
cust5515,1
cust5516,0
cust5517,1
cust5518,1
cust5519,0
cust5520,1
cust5521,1
cust5522,1
cust5523,0
cust5524,1
cust5525,1
cust5526,0
cust5527,1
cust5528,1
cust5529,1
cust5530,1
cust5531,1
cust5532,1
cust5533,0
cust5534,1
cust5535,1
cust5536,0
cust5537,1
cust5538,1
cust5539,1
cust5540,1
cust5541,1
cust5542,1
cust5543,1
cust5544,1
cust5545,1
cust5546,0
cust5547,0
cust5548,1
cust5549,0
cust5550,1
cust5551,0
cust5552,0
cust5553,0
cust5554,0
cust5555,1
cust5556,1
cust5557,1
cust5558,1
cust5559,0
cust5560,0
cust5561,1
cust5562,1
cust5563,1
cust5564,1
cust5565,1
cust5566,1
cust5567,0
cust5568,1
cust5569,1
cust5570,1
cust5571,0
cust5572,1
cust5573,1
cust5574,1
cust5575,1
cust5576,1
cust5577,0
cust5578,1
cust5579,0
cust5580,1
cust5581,1
cust5582,1
cust5583,0
cust5584,0
cust5585,1
cust5586,0
cust5587,1
cust5588,1
cust5589,1
cust5590,0
cust5591,1
cust5592,0
cust5593,0
cust5594,1
cust5595,0
cust5596,0
cust5597,1
cust5598,1
cust5599,1
cust5600,1
cust5601,1
cust5602,1
cust5603,1
cust5604,1
cust5605,1
cust5606,1
cust5607,1
cust5608,0
cust5609,1
cust5610,0
cust5611,0
cust5612,0
cust5613,1
cust5614,0
cust5615,0
cust5616,0
cust5617,0
cust5618,1
cust5619,1
cust5620,1
cust5621,1
cust5622,1
cust5623,0
cust5624,1
cust5625,1
cust5626,1
cust5627,1
cust5628,1
cust5629,1
cust5630,1
cust5631,0
cust5632,0
cust5633,1
cust5634,0
cust5635,1
cust5636,1
cust5637,1
cust5638,1
cust5639,0
cust5640,1
cust5641,0
cust5642,1
cust5643,1
cust5644,0
cust5645,1
cust5646,1
cust5647,1
cust5648,0
cust5649,0
cust5650,1
cust5651,0
cust5652,0
cust5653,1
cust5654,1
cust5655,1
cust5656,1
cust5657,0
cust5658,1
cust5659,0
cust5660,1
cust5661,0
cust5662,0
cust5663,0
cust5664,1
cust5665,0
cust5666,0
cust5667,1
cust5668,1
cust5669,0
cust5670,0
cust5671,1
cust5672,0
cust5673,0
cust5674,1
cust5675,1
cust5676,0
cust5677,0
cust5678,1
cust5679,1
cust5680,0
cust5681,1
cust5682,1
cust5683,1
cust5684,1
cust5685,1
cust5686,1
cust5687,0
cust5688,1
cust5689,1
cust5690,1
cust5691,1
cust5692,1
cust5693,1
cust5694,0
cust5695,1
cust5696,1
cust5697,0
cust5698,0
cust5699,1
cust5700,1
cust5701,1
cust5702,0
cust5703,1
cust5704,1
cust5705,1
cust5706,1
cust5707,1
cust5708,1
cust5709,0
cust5710,0
cust5711,1
cust5712,1
cust5713,1
cust5714,1
cust5715,1
cust5716,1
cust5717,1
cust5718,1
cust5719,1
cust5720,0
cust5721,1
cust5722,0
cust5723,0
cust5724,1
cust5725,1
cust5726,1
cust5727,1
cust5728,1
cust5729,0
cust5730,1
cust5731,1
cust5732,0
cust5733,1
cust5734,1
cust5735,0
cust5736,0
cust5737,1
cust5738,1
cust5739,1
cust5740,1
cust5741,0
cust5742,1
cust5743,1
cust5744,1
cust5745,1
cust5746,1
cust5747,1
cust5748,1
cust5749,0
cust5750,0
cust5751,0
cust5752,1
cust5753,0
cust5754,0
cust5755,0
cust5756,1
cust5757,1
cust5758,1
cust5759,0
cust5760,0
cust5761,0
cust5762,1
cust5763,0
cust5764,1
cust5765,1
cust5766,0
cust5767,0
cust5768,0
cust5769,0
cust5770,1
cust5771,1
cust5772,0
cust5773,1
cust5774,1
cust5775,1
cust5776,1
cust5777,1
cust5778,0
cust5779,1
cust5780,0
cust5781,1
cust5782,1
cust5783,0
cust5784,1
cust5785,1
cust5786,0
cust5787,0
cust5788,1
cust5789,1
cust5790,1
cust5791,1
cust5792,0
cust5793,1
cust5794,0
cust5795,0
cust5796,1
cust5797,1
cust5798,1
cust5799,1
cust5800,1
cust5801,1
cust5802,0
cust5803,1
cust5804,1
cust5805,0
cust5806,0
cust5807,1
cust5808,1
cust5809,1
cust5810,1
cust5811,0
cust5812,0
cust5813,1
cust5814,0
cust5815,0
cust5816,1
cust5817,1
cust5818,1
cust5819,1
cust5820,0
cust5821,1
cust5822,1
cust5823,1
cust5824,0
cust5825,0
cust5826,0
cust5827,1
cust5828,1
cust5829,1
cust5830,0
cust5831,1
cust5832,1
cust5833,1
cust5834,1
cust5835,1
cust5836,1
cust5837,1
cust5838,1
cust5839,1
cust5840,0
cust5841,1
cust5842,1
cust5843,1
cust5844,0
cust5845,0
cust5846,1
cust5847,0
cust5848,1
cust5849,0
cust5850,0
cust5851,1
cust5852,0
cust5853,1
cust5854,1
cust5855,0
cust5856,0
cust5857,0
cust5858,0
cust5859,1
cust5860,1
cust5861,1
cust5862,1
cust5863,0
cust5864,1
cust5865,1
cust5866,1
cust5867,1
cust5868,0
cust5869,1
cust5870,1
cust5871,1
cust5872,0
cust5873,1
cust5874,1
cust5875,1
cust5876,0
cust5877,1
cust5878,1
cust5879,0
cust5880,1
cust5881,1
cust5882,1
cust5883,1
cust5884,1
cust5885,1
cust5886,1
cust5887,1
cust5888,0
cust5889,1
cust5890,1
cust5891,1
cust5892,0
cust5893,1
cust5894,1
cust5895,0
cust5896,0
cust5897,0
cust5898,0
cust5899,0
cust5900,1
cust5901,1
cust5902,1
cust5903,1
cust5904,1
cust5905,1
cust5906,0
cust5907,0
cust5908,1
cust5909,1
cust5910,1
cust5911,1
cust5912,1
cust5913,0
cust5914,1
cust5915,0
cust5916,0
cust5917,0
cust5918,1
cust5919,0
cust5920,1
cust5921,1
cust5922,1
cust5923,0
cust5924,1
cust5925,1
cust5926,1
cust5927,0
cust5928,1
cust5929,1
cust5930,0
cust5931,1
cust5932,0
cust5933,1
cust5934,1
cust5935,1
cust5936,1
cust5937,0
cust5938,1
cust5939,1
cust5940,1
cust5941,1
cust5942,1
cust5943,1
cust5944,1
cust5945,0
cust5946,1
cust5947,0
cust5948,1
cust5949,1
cust5950,1
cust5951,1
cust5952,0
cust5953,1
cust5954,1
cust5955,1
cust5956,1
cust5957,1
cust5958,1
cust5959,1
cust5960,0
cust5961,1
cust5962,1
cust5963,1
cust5964,1
cust5965,1
cust5966,1
cust5967,0
cust5968,0
cust5969,0
cust5970,1
cust5971,1
cust5972,1
cust5973,1
cust5974,1
cust5975,0
cust5976,1
cust5977,0
cust5978,1
cust5979,0
cust5980,0
cust5981,1
cust5982,0
cust5983,0
cust5984,0
cust5985,0
cust5986,1
cust5987,0
cust5988,1
cust5989,0
cust5990,1
cust5991,1
cust5992,1
cust5993,1
cust5994,1
cust5995,1
cust5996,1
cust5997,1
cust5998,0
cust5999,1
cust6000,0
cust6001,1
cust6002,0
cust6003,1
cust6004,0
cust6005,1
cust6006,1
cust6007,0
cust6008,1
cust6009,1
cust6010,0
cust6011,0
cust6012,1
cust6013,0
cust6014,1
cust6015,0
cust6016,1
cust6017,1
cust6018,0
cust6019,1
cust6020,0
cust6021,0
cust6022,1
cust6023,1
cust6024,1
cust6025,1
cust6026,0
cust6027,1
cust6028,1
cust6029,1
cust6030,1
cust6031,0
cust6032,1
cust6033,1
cust6034,1
cust6035,1
cust6036,1
cust6037,1
cust6038,1
cust6039,1
cust6040,0
cust6041,0
cust6042,0
cust6043,0
cust6044,0
cust6045,1
cust6046,0
cust6047,0
cust6048,1
cust6049,1
cust6050,1
cust6051,1
cust6052,1
cust6053,0
cust6054,1
cust6055,1
cust6056,1
cust6057,1
cust6058,1
cust6059,0
cust6060,0
cust6061,0
cust6062,1
cust6063,1
cust6064,0
cust6065,1
cust6066,1
cust6067,1
cust6068,1
cust6069,0
cust6070,1
cust6071,1
cust6072,1
cust6073,1
cust6074,1
cust6075,1
cust6076,1
cust6077,1
cust6078,1
cust6079,1
cust6080,1
cust6081,1
cust6082,0
cust6083,1
cust6084,1
cust6085,1
cust6086,0
cust6087,1
cust6088,1
cust6089,1
cust6090,0
cust6091,1
cust6092,1
cust6093,1
cust6094,1
cust6095,1
cust6096,1
cust6097,0
cust6098,0
cust6099,0
cust6100,1
cust6101,0
cust6102,0
cust6103,0
cust6104,1
cust6105,0
cust6106,0
cust6107,1
cust6108,1
cust6109,0
cust6110,1
cust6111,0
cust6112,1
cust6113,1
cust6114,1
cust6115,1
cust6116,1
cust6117,0
cust6118,1
cust6119,1
cust6120,1
cust6121,0
cust6122,1
cust6123,1
cust6124,1
cust6125,1
cust6126,1
cust6127,1
cust6128,1
cust6129,1
cust6130,1
cust6131,1
cust6132,1
cust6133,1
cust6134,1
cust6135,0
cust6136,1
cust6137,0
cust6138,1
cust6139,1
cust6140,1
cust6141,1
cust6142,1
cust6143,1
cust6144,0
cust6145,0
cust6146,1
cust6147,1
cust6148,1
cust6149,1
cust6150,1
cust6151,1
cust6152,1
cust6153,1
cust6154,0
cust6155,1
cust6156,1
cust6157,1
cust6158,1
cust6159,0
cust6160,1
cust6161,0
cust6162,1
cust6163,1
cust6164,1
cust6165,1
cust6166,1
cust6167,1
cust6168,0
cust6169,1
cust6170,1
cust6171,0
cust6172,1
cust6173,1
cust6174,1
cust6175,1
cust6176,1
cust6177,1
cust6178,0
cust6179,1
cust6180,0
cust6181,1
cust6182,1
cust6183,1
cust6184,1
cust6185,1
cust6186,0
cust6187,0
cust6188,1
cust6189,1
cust6190,0
cust6191,0
cust6192,1
cust6193,1
cust6194,0
cust6195,1
cust6196,1
cust6197,1
cust6198,0
cust6199,1
cust6200,1
cust6201,0
cust6202,0
cust6203,1
cust6204,1
cust6205,0
cust6206,0
cust6207,0
cust6208,1
cust6209,1
cust6210,1
cust6211,0
cust6212,1
cust6213,1
cust6214,1
cust6215,0
cust6216,0
cust6217,1
cust6218,1
cust6219,1
cust6220,1
cust6221,1
cust6222,1
cust6223,1
cust6224,1
cust6225,1
cust6226,0
cust6227,1
cust6228,1
cust6229,1
cust6230,0
cust6231,1
cust6232,1
cust6233,1
cust6234,0
cust6235,1
cust6236,1
cust6237,1
cust6238,1
cust6239,0
cust6240,0
cust6241,1
cust6242,0
cust6243,1
cust6244,1
cust6245,1
cust6246,0
cust6247,0
cust6248,0
cust6249,1
cust6250,1
cust6251,0
cust6252,0
cust6253,1
cust6254,1
cust6255,1
cust6256,1
cust6257,1
cust6258,0
cust6259,1
cust6260,1
cust6261,1
cust6262,1
cust6263,1
cust6264,0
cust6265,1
cust6266,1
cust6267,1
cust6268,0
cust6269,1
cust6270,0
cust6271,0
cust6272,1
cust6273,1
cust6274,1
cust6275,1
cust6276,0
cust6277,1
cust6278,1
cust6279,1
cust6280,1
cust6281,1
cust6282,0
cust6283,0
cust6284,1
cust6285,1
cust6286,0
cust6287,0
cust6288,1
cust6289,0
cust6290,1
cust6291,1
cust6292,1
cust6293,1
cust6294,1
cust6295,0
cust6296,0
cust6297,0
cust6298,1
cust6299,1
cust6300,1
cust6301,1
cust6302,1
cust6303,1
cust6304,1
cust6305,1
cust6306,0
cust6307,0
cust6308,1
cust6309,0
cust6310,1
cust6311,0
cust6312,0
cust6313,0
cust6314,0
cust6315,1
cust6316,1
cust6317,0
cust6318,1
cust6319,0
cust6320,1
cust6321,1
cust6322,1
cust6323,0
cust6324,1
cust6325,1
cust6326,0
cust6327,1
cust6328,1
cust6329,1
cust6330,1
cust6331,1
cust6332,1
cust6333,1
cust6334,0
cust6335,0
cust6336,0
cust6337,0
cust6338,1
cust6339,1
cust6340,1
cust6341,1
cust6342,0
cust6343,1
cust6344,1
cust6345,1
cust6346,1
cust6347,1
cust6348,0
cust6349,0
cust6350,0
cust6351,0
cust6352,1
cust6353,1
cust6354,1
cust6355,1
cust6356,1
cust6357,1
cust6358,1
cust6359,1
cust6360,1
cust6361,1
cust6362,0
cust6363,0
cust6364,1
cust6365,0
cust6366,0
cust6367,1
cust6368,0
cust6369,1
cust6370,0
cust6371,1
cust6372,0
cust6373,0
cust6374,0
cust6375,1
cust6376,0
cust6377,0
cust6378,0
cust6379,1
cust6380,1
cust6381,1
cust6382,1
cust6383,0
cust6384,0
cust6385,1
cust6386,0
cust6387,1
cust6388,1
cust6389,1
cust6390,1
cust6391,1
cust6392,1
cust6393,1
cust6394,1
cust6395,0
cust6396,1
cust6397,0
cust6398,0
cust6399,1
cust6400,0
cust6401,1
cust6402,1
cust6403,1
cust6404,0
cust6405,0
cust6406,0
cust6407,0
cust6408,0
cust6409,0
cust6410,1
cust6411,1
cust6412,0
cust6413,1
cust6414,1
cust6415,0
cust6416,1
cust6417,0
cust6418,1
cust6419,1
cust6420,1
cust6421,1
cust6422,0
cust6423,1
cust6424,0
cust6425,1
cust6426,1
cust6427,0
cust6428,1
cust6429,1
cust6430,1
cust6431,1
cust6432,1
cust6433,0
cust6434,1
cust6435,1
cust6436,1
cust6437,1
cust6438,0
cust6439,0
cust6440,1
cust6441,0
cust6442,1
cust6443,1
cust6444,0
cust6445,0
cust6446,1
cust6447,1
cust6448,0
cust6449,1
cust6450,0
cust6451,1
cust6452,0
cust6453,0
cust6454,0
cust6455,1
cust6456,1
cust6457,0
cust6458,0
cust6459,0
cust6460,0
cust6461,0
cust6462,1
cust6463,1
cust6464,1
cust6465,1
cust6466,0
cust6467,0
cust6468,0
cust6469,0
cust6470,0
cust6471,0
cust6472,1
cust6473,1
cust6474,0
cust6475,0
cust6476,0
cust6477,1
cust6478,1
cust6479,1
cust6480,1
cust6481,1
cust6482,0
cust6483,1
cust6484,1
cust6485,0
cust6486,0
cust6487,1
cust6488,0
cust6489,1
cust6490,0
cust6491,0
cust6492,1
cust6493,1
cust6494,1
cust6495,1
cust6496,1
cust6497,1
cust6498,0
cust6499,1
cust6500,1
cust6501,1
cust6502,0
cust6503,1
cust6504,1
cust6505,0
cust6506,1
cust6507,1
cust6508,1
cust6509,1
cust6510,1
cust6511,0
cust6512,1
cust6513,0
cust6514,1
cust6515,1
cust6516,0
cust6517,1
cust6518,1
cust6519,1
cust6520,1
cust6521,1
cust6522,1
cust6523,0
cust6524,1
cust6525,1
cust6526,1
cust6527,1
cust6528,1
cust6529,1
cust6530,1
cust6531,1
cust6532,1
cust6533,1
cust6534,1
cust6535,0
cust6536,1
cust6537,1
cust6538,0
cust6539,0
cust6540,0
cust6541,0
cust6542,1
cust6543,1
cust6544,1
cust6545,1
cust6546,1
cust6547,0
cust6548,0
cust6549,0
cust6550,0
cust6551,0
cust6552,1
cust6553,1
cust6554,0
cust6555,1
cust6556,1
cust6557,1
cust6558,1
cust6559,1
cust6560,1
cust6561,1
cust6562,0
cust6563,1
cust6564,0
cust6565,1
cust6566,1
cust6567,1
cust6568,1
cust6569,1
cust6570,1
cust6571,1
cust6572,1
cust6573,1
cust6574,0
cust6575,1
cust6576,1
cust6577,1
cust6578,0
cust6579,0
cust6580,1
cust6581,1
cust6582,1
cust6583,1
cust6584,1
cust6585,1
cust6586,0
cust6587,0
cust6588,1
cust6589,1
cust6590,1
cust6591,0
cust6592,1
cust6593,1
cust6594,1
cust6595,1
cust6596,1
cust6597,1
cust6598,0
cust6599,0
cust6600,0
cust6601,1
cust6602,1
cust6603,1
cust6604,1
cust6605,1
cust6606,1
cust6607,1
cust6608,1
cust6609,0
cust6610,1
cust6611,1
cust6612,0
cust6613,0
cust6614,1
cust6615,0
cust6616,1
cust6617,1
cust6618,1
cust6619,1
cust6620,1
cust6621,1
cust6622,1
cust6623,0
cust6624,1
cust6625,1
cust6626,1
cust6627,1
cust6628,1
cust6629,1
cust6630,1
cust6631,1
cust6632,1
cust6633,0
cust6634,1
cust6635,1
cust6636,1
cust6637,1
cust6638,1
cust6639,0
cust6640,1
cust6641,0
cust6642,0
cust6643,1
cust6644,0
cust6645,0
cust6646,1
cust6647,0
cust6648,1
cust6649,1
cust6650,1
cust6651,1
cust6652,1
cust6653,1
cust6654,1
cust6655,0
cust6656,1
cust6657,1
cust6658,1
cust6659,1
cust6660,1
cust6661,1
cust6662,0
cust6663,1
cust6664,0
cust6665,1
cust6666,1
cust6667,0
cust6668,0
cust6669,0
cust6670,0
cust6671,0
cust6672,1
cust6673,1
cust6674,0
cust6675,1
cust6676,1
cust6677,1
cust6678,1
cust6679,1
cust6680,1
cust6681,1
cust6682,0
cust6683,1
cust6684,1
cust6685,1
cust6686,0
cust6687,1
cust6688,0
cust6689,0
cust6690,0
cust6691,0
cust6692,1
cust6693,0
cust6694,1
cust6695,1
cust6696,0
cust6697,1
cust6698,0
cust6699,0
cust6700,0
cust6701,1
cust6702,0
cust6703,0
cust6704,1
cust6705,1
cust6706,1
cust6707,0
cust6708,0
cust6709,0
cust6710,1
cust6711,0
cust6712,1
cust6713,1
cust6714,1
cust6715,1
cust6716,1
cust6717,0
cust6718,0
cust6719,1
cust6720,1
cust6721,1
cust6722,1
cust6723,1
cust6724,1
cust6725,0
cust6726,0
cust6727,1
cust6728,0
cust6729,0
cust6730,1
cust6731,1
cust6732,1
cust6733,1
cust6734,1
cust6735,1
cust6736,1
cust6737,1
cust6738,1
cust6739,1
cust6740,1
cust6741,0
cust6742,1
cust6743,0
cust6744,1
cust6745,1
cust6746,1
cust6747,1
cust6748,1
cust6749,1
cust6750,0
cust6751,1
cust6752,1
cust6753,1
cust6754,1
cust6755,1
cust6756,0
cust6757,0
cust6758,0
cust6759,0
cust6760,1
cust6761,1
cust6762,1
cust6763,1
cust6764,1
cust6765,0
cust6766,0
cust6767,1
cust6768,0
cust6769,1
cust6770,1
cust6771,0
cust6772,1
cust6773,1
cust6774,1
cust6775,1
cust6776,0
cust6777,0
cust6778,1
cust6779,0
cust6780,1
cust6781,1
cust6782,1
cust6783,1
cust6784,1
cust6785,1
cust6786,1
cust6787,1
cust6788,0
cust6789,1
cust6790,0
cust6791,1
cust6792,1
cust6793,1
cust6794,0
cust6795,1
cust6796,0
cust6797,1
cust6798,0
cust6799,1
cust6800,0
cust6801,0
cust6802,1
cust6803,1
cust6804,0
cust6805,0
cust6806,1
cust6807,1
cust6808,1
cust6809,0
cust6810,1
cust6811,1
cust6812,1
cust6813,0
cust6814,1
cust6815,1
cust6816,1
cust6817,1
cust6818,1
cust6819,0
cust6820,1
cust6821,1
cust6822,0
cust6823,1
cust6824,1
cust6825,1
cust6826,1
cust6827,1
cust6828,1
cust6829,1
cust6830,1
cust6831,1
cust6832,0
cust6833,0
cust6834,1
cust6835,0
cust6836,1
cust6837,0
cust6838,0
cust6839,0
cust6840,1
cust6841,0
cust6842,1
cust6843,1
cust6844,0
cust6845,0
cust6846,1
cust6847,1
cust6848,1
cust6849,0
cust6850,1
cust6851,1
cust6852,0
cust6853,0
cust6854,1
cust6855,0
cust6856,0
cust6857,0
cust6858,0
cust6859,1
cust6860,0
cust6861,1
cust6862,1
cust6863,0
cust6864,1
cust6865,1
cust6866,1
cust6867,0
cust6868,1
cust6869,0
cust6870,0
cust6871,1
cust6872,0
cust6873,1
cust6874,1
cust6875,1
cust6876,0
cust6877,1
cust6878,0
cust6879,0
cust6880,1
cust6881,0
cust6882,1
cust6883,0
cust6884,1
cust6885,0
cust6886,1
cust6887,0
cust6888,0
cust6889,1
cust6890,0
cust6891,0
cust6892,0
cust6893,0
cust6894,1
cust6895,1
cust6896,1
cust6897,1
cust6898,1
cust6899,1
cust6900,0
cust6901,0
cust6902,1
cust6903,0
cust6904,0
cust6905,1
cust6906,1
cust6907,1
cust6908,1
cust6909,0
cust6910,1
cust6911,1
cust6912,0
cust6913,1
cust6914,1
cust6915,1
cust6916,1
cust6917,1
cust6918,1
cust6919,1
cust6920,0
cust6921,1
cust6922,1
cust6923,1
cust6924,1
cust6925,1
cust6926,1
cust6927,1
cust6928,1
cust6929,1
cust6930,1
cust6931,1
cust6932,1
cust6933,0
cust6934,0
cust6935,0
cust6936,0
cust6937,1
cust6938,1
cust6939,0
cust6940,1
cust6941,1
cust6942,1
cust6943,1
cust6944,1
cust6945,1
cust6946,0
cust6947,0
cust6948,1
cust6949,1
cust6950,1
cust6951,1
cust6952,1
cust6953,1
cust6954,1
cust6955,0
cust6956,1
cust6957,1
cust6958,0
cust6959,0
cust6960,1
cust6961,0
cust6962,1
cust6963,0
cust6964,0
cust6965,0
cust6966,1
cust6967,0
cust6968,1
cust6969,1
cust6970,0
cust6971,1
cust6972,0
cust6973,1
cust6974,1
cust6975,1
cust6976,1
cust6977,1
cust6978,1
cust6979,1
cust6980,1
cust6981,1
cust6982,1
cust6983,1
cust6984,1
cust6985,1
cust6986,1
cust6987,1
cust6988,1
cust6989,1
cust6990,1
cust6991,1
cust6992,0
cust6993,0
cust6994,1
cust6995,0
cust6996,1
cust6997,0
cust6998,1
cust6999,1
cust7000,0
cust7001,0
cust7002,1
cust7003,1
cust7004,1
cust7005,1
cust7006,1
cust7007,1
cust7008,1
cust7009,1
cust7010,0
cust7011,0
cust7012,1
cust7013,1
cust7014,1
cust7015,0
cust7016,1
cust7017,0
cust7018,1
cust7019,1
cust7020,1
cust7021,1
cust7022,1
cust7023,1
cust7024,1
cust7025,0
cust7026,1
cust7027,1
cust7028,1
cust7029,1
cust7030,1
cust7031,1
cust7032,1
cust7033,1
cust7034,1
cust7035,0
cust7036,1
cust7037,1
cust7038,1
cust7039,1
cust7040,1
cust7041,1
cust7042,1
cust7043,1
cust7044,1
cust7045,0
cust7046,1
cust7047,0
cust7048,1
cust7049,1
cust7050,0
cust7051,1
cust7052,1
cust7053,0
cust7054,1
cust7055,1
cust7056,1
cust7057,0
cust7058,0
cust7059,1
cust7060,1
cust7061,1
cust7062,1
cust7063,1
cust7064,1
cust7065,1
cust7066,0
cust7067,1
cust7068,1
cust7069,1
cust7070,1
cust7071,0
cust7072,0
cust7073,0
cust7074,0
cust7075,1
cust7076,1
cust7077,1
cust7078,0
cust7079,1
cust7080,0
cust7081,1
cust7082,0
cust7083,1
cust7084,0
cust7085,1
cust7086,1
cust7087,1
cust7088,0
cust7089,1
cust7090,1
cust7091,1
cust7092,1
cust7093,1
cust7094,1
cust7095,0
cust7096,0
cust7097,0
cust7098,0
cust7099,0
cust7100,0
cust7101,0
cust7102,0
cust7103,0
cust7104,1
cust7105,1
cust7106,0
cust7107,1
cust7108,1
cust7109,0
cust7110,0
cust7111,1
cust7112,0
cust7113,1
cust7114,1
cust7115,0
cust7116,1
cust7117,0
cust7118,0
cust7119,1
cust7120,1
cust7121,1
cust7122,1
cust7123,1
cust7124,1
cust7125,1
cust7126,1
cust7127,1
cust7128,0
cust7129,1
cust7130,1
cust7131,1
cust7132,0
cust7133,0
cust7134,1
cust7135,1
cust7136,1
cust7137,1
cust7138,1
cust7139,0
cust7140,1
cust7141,1
cust7142,1
cust7143,1
cust7144,0
cust7145,0
cust7146,1
cust7147,0
cust7148,1
cust7149,1
cust7150,0
cust7151,0
cust7152,0
cust7153,1
cust7154,1
cust7155,0
cust7156,0
cust7157,1
cust7158,1
cust7159,1
cust7160,0
cust7161,1
cust7162,1
cust7163,1
cust7164,1
cust7165,0
cust7166,1
cust7167,0
cust7168,1
cust7169,1
cust7170,1
cust7171,1
cust7172,1
cust7173,1
cust7174,1
cust7175,1
cust7176,0
cust7177,1
cust7178,1
cust7179,0
cust7180,0
cust7181,1
cust7182,1
cust7183,1
cust7184,1
cust7185,0
cust7186,0
cust7187,0
cust7188,1
cust7189,1
cust7190,1
cust7191,0
cust7192,0
cust7193,1
cust7194,1
cust7195,0
cust7196,1
cust7197,1
cust7198,1
cust7199,1
cust7200,0
cust7201,0
cust7202,1
cust7203,0
cust7204,0
cust7205,0
cust7206,1
cust7207,0
cust7208,1
cust7209,1
cust7210,0
cust7211,1
cust7212,0
cust7213,0
cust7214,0
cust7215,0
cust7216,1
cust7217,1
cust7218,1
cust7219,1
cust7220,1
cust7221,1
cust7222,0
cust7223,1
cust7224,1
cust7225,1
cust7226,1
cust7227,1
cust7228,1
cust7229,1
cust7230,0
cust7231,1
cust7232,1
cust7233,0
cust7234,0
cust7235,1
cust7236,1
cust7237,1
cust7238,1
cust7239,1
cust7240,1
cust7241,1
cust7242,1
cust7243,1
cust7244,1
cust7245,1
cust7246,1
cust7247,1
cust7248,1
cust7249,0
cust7250,1
cust7251,1
cust7252,0
cust7253,1
cust7254,0
cust7255,1
cust7256,0
cust7257,0
cust7258,0
cust7259,1
cust7260,0
cust7261,1
cust7262,1
cust7263,1
cust7264,1
cust7265,0
cust7266,0
cust7267,0
cust7268,0
cust7269,0
cust7270,0
cust7271,1
cust7272,0
cust7273,0
cust7274,1
cust7275,1
cust7276,1
cust7277,1
cust7278,1
cust7279,0
cust7280,1
cust7281,1
cust7282,0
cust7283,0
cust7284,1
cust7285,1
cust7286,0
cust7287,0
cust7288,1
cust7289,0
cust7290,0
cust7291,1
cust7292,1
cust7293,1
cust7294,0
cust7295,0
cust7296,1
cust7297,1
cust7298,1
cust7299,1
cust7300,1
cust7301,1
cust7302,1
cust7303,1
cust7304,1
cust7305,1
cust7306,1
cust7307,1
cust7308,0
cust7309,1
cust7310,1
cust7311,1
cust7312,0
cust7313,0
cust7314,1
cust7315,1
cust7316,1
cust7317,0
cust7318,1
cust7319,1
cust7320,0
cust7321,1
cust7322,0
cust7323,1
cust7324,1
cust7325,0
cust7326,1
cust7327,1
cust7328,1
cust7329,1
cust7330,1
cust7331,1
cust7332,1
cust7333,1
cust7334,0
cust7335,1
cust7336,0
cust7337,1
cust7338,1
cust7339,0
cust7340,0
cust7341,1
cust7342,1
cust7343,1
cust7344,1
cust7345,1
cust7346,1
cust7347,0
cust7348,0
cust7349,1
cust7350,1
cust7351,0
cust7352,1
cust7353,1
cust7354,1
cust7355,1
cust7356,1
cust7357,1
cust7358,1
cust7359,1
cust7360,1
cust7361,0
cust7362,0
cust7363,1
cust7364,1
cust7365,1
cust7366,1
cust7367,1
cust7368,1
cust7369,1
cust7370,1
cust7371,1
cust7372,1
cust7373,0
cust7374,1
cust7375,1
cust7376,0
cust7377,0
cust7378,0
cust7379,0
cust7380,0
cust7381,0
cust7382,0
cust7383,0
cust7384,0
cust7385,1
cust7386,0
cust7387,1
cust7388,1
cust7389,0
cust7390,0
cust7391,1
cust7392,1
cust7393,1
cust7394,0
cust7395,1
cust7396,0
cust7397,1
cust7398,1
cust7399,0
cust7400,0
cust7401,1
cust7402,1
cust7403,0
cust7404,0
cust7405,0
cust7406,0
cust7407,0
cust7408,1
cust7409,0
cust7410,0
cust7411,1
cust7412,1
cust7413,1
cust7414,0
cust7415,0
cust7416,1
cust7417,0
cust7418,1
cust7419,1
cust7420,0
cust7421,1
cust7422,1
cust7423,0
cust7424,1
cust7425,1
cust7426,1
cust7427,0
cust7428,1
cust7429,0
cust7430,0
cust7431,1
cust7432,0
cust7433,1
cust7434,1
cust7435,1
cust7436,1
cust7437,1
cust7438,1
cust7439,1
cust7440,1
cust7441,0
cust7442,0
cust7443,1
cust7444,1
cust7445,1
cust7446,1
cust7447,0
cust7448,1
cust7449,0
cust7450,0
cust7451,1
cust7452,1
cust7453,1
cust7454,0
cust7455,0
cust7456,0
cust7457,1
cust7458,1
cust7459,0
cust7460,0
cust7461,1
cust7462,0
cust7463,0
cust7464,1
cust7465,1
cust7466,1
cust7467,0
cust7468,1
cust7469,0
cust7470,1
cust7471,0
cust7472,1
cust7473,0
cust7474,0
cust7475,1
cust7476,1
cust7477,1
cust7478,1
cust7479,1
cust7480,0
cust7481,1
cust7482,1
cust7483,1
cust7484,0
cust7485,0
cust7486,1
cust7487,1
cust7488,1
cust7489,1
cust7490,1
cust7491,0
cust7492,0
cust7493,1
cust7494,0
cust7495,1
cust7496,0
cust7497,0
cust7498,1
cust7499,1
cust7500,1
cust7501,1
cust7502,1
cust7503,0
cust7504,0
cust7505,1
cust7506,1
cust7507,1
cust7508,1
cust7509,0
cust7510,1
cust7511,1
cust7512,1
cust7513,0
cust7514,1
cust7515,1
cust7516,0
cust7517,1
cust7518,1
cust7519,1
cust7520,0
cust7521,1
cust7522,0
cust7523,1
cust7524,1
cust7525,0
cust7526,1
cust7527,0
cust7528,1
cust7529,1
cust7530,1
cust7531,1
cust7532,1
cust7533,0
cust7534,0
cust7535,1
cust7536,1
cust7537,0
cust7538,1
cust7539,1
cust7540,0
cust7541,1
cust7542,1
cust7543,1
cust7544,1
cust7545,1
cust7546,1
cust7547,1
cust7548,1
cust7549,1
cust7550,1
cust7551,1
cust7552,0
cust7553,1
cust7554,1
cust7555,0
cust7556,1
cust7557,0
cust7558,0
cust7559,1
cust7560,0
cust7561,1
cust7562,1
cust7563,1
cust7564,1
cust7565,1
cust7566,1
cust7567,1
cust7568,0
cust7569,0
cust7570,1
cust7571,1
cust7572,1
cust7573,1
cust7574,0
cust7575,0
cust7576,1
cust7577,0
cust7578,1
cust7579,0
cust7580,1
cust7581,0
cust7582,1
cust7583,1
cust7584,1
cust7585,0
cust7586,1
cust7587,0
cust7588,0
cust7589,0
cust7590,0
cust7591,1
cust7592,0
cust7593,0
cust7594,1
cust7595,0
cust7596,1
cust7597,0
cust7598,0
cust7599,1
cust7600,1
cust7601,0
cust7602,1
cust7603,0
cust7604,0
cust7605,1
cust7606,1
cust7607,0
cust7608,1
cust7609,0
cust7610,1
cust7611,1
cust7612,1
cust7613,1
cust7614,1
cust7615,1
cust7616,1
cust7617,0
cust7618,1
cust7619,1
cust7620,0
cust7621,1
cust7622,1
cust7623,0
cust7624,0
cust7625,1
cust7626,1
cust7627,0
cust7628,1
cust7629,1
cust7630,1
cust7631,0
cust7632,1
cust7633,1
cust7634,1
cust7635,1
cust7636,0
cust7637,0
cust7638,1
cust7639,1
cust7640,1
cust7641,0
cust7642,0
cust7643,0
cust7644,0
cust7645,0
cust7646,1
cust7647,1
cust7648,1
cust7649,1
cust7650,1
cust7651,0
cust7652,1
cust7653,0
cust7654,1
cust7655,1
cust7656,1
cust7657,0
cust7658,0
cust7659,1
cust7660,1
cust7661,1
cust7662,1
cust7663,1
cust7664,1
cust7665,0
cust7666,1
cust7667,1
cust7668,0
cust7669,1
cust7670,1
cust7671,0
cust7672,1
cust7673,0
cust7674,0
cust7675,1
cust7676,1
cust7677,0
cust7678,1
cust7679,1
cust7680,0
cust7681,0
cust7682,0
cust7683,0
cust7684,1
cust7685,1
cust7686,1
cust7687,0
cust7688,1
cust7689,1
cust7690,0
cust7691,1
cust7692,1
cust7693,1
cust7694,1
cust7695,0
cust7696,1
cust7697,0
cust7698,0
cust7699,1
cust7700,1
cust7701,0
cust7702,0
cust7703,1
cust7704,0
cust7705,1
cust7706,0
cust7707,1
cust7708,1
cust7709,1
cust7710,1
cust7711,1
cust7712,1
cust7713,0
cust7714,1
cust7715,0
cust7716,1
cust7717,1
cust7718,1
cust7719,1
cust7720,1
cust7721,1
cust7722,1
cust7723,1
cust7724,1
cust7725,1
cust7726,1
cust7727,1
cust7728,1
cust7729,1
cust7730,0
cust7731,0
cust7732,1
cust7733,0
cust7734,1
cust7735,0
cust7736,0
cust7737,1
cust7738,1
cust7739,0
cust7740,1
cust7741,0
cust7742,1
cust7743,1
cust7744,1
cust7745,1
cust7746,1
cust7747,1
cust7748,0
cust7749,1
cust7750,0
cust7751,1
cust7752,0
cust7753,1
cust7754,1
cust7755,1
cust7756,1
cust7757,0
cust7758,1
cust7759,1
cust7760,1
cust7761,1
cust7762,1
cust7763,1
cust7764,0
cust7765,1
cust7766,1
cust7767,0
cust7768,0
cust7769,0
cust7770,1
cust7771,0
cust7772,0
cust7773,1
cust7774,0
cust7775,0
cust7776,1
cust7777,1
cust7778,0
cust7779,1
cust7780,0
cust7781,1
cust7782,0
cust7783,0
cust7784,1
cust7785,1
cust7786,1
cust7787,1
cust7788,1
cust7789,1
cust7790,0
cust7791,0
cust7792,1
cust7793,0
cust7794,1
cust7795,1
cust7796,0
cust7797,1
cust7798,0
cust7799,1
cust7800,0
cust7801,0
cust7802,1
cust7803,1
cust7804,1
cust7805,1
cust7806,1
cust7807,0
cust7808,0
cust7809,1
cust7810,1
cust7811,0
cust7812,1
cust7813,1
cust7814,1
cust7815,0
cust7816,1
cust7817,0
cust7818,0
cust7819,1
cust7820,0
cust7821,1
cust7822,1
cust7823,1
cust7824,1
cust7825,1
cust7826,0
cust7827,1
cust7828,1
cust7829,1
cust7830,0
cust7831,1
cust7832,0
cust7833,1
cust7834,0
cust7835,1
cust7836,1
cust7837,0
cust7838,1
cust7839,1
cust7840,0
cust7841,1
cust7842,1
cust7843,1
cust7844,1
cust7845,1
cust7846,1
cust7847,0
cust7848,1
cust7849,1
cust7850,1
cust7851,0
cust7852,1
cust7853,1
cust7854,0
cust7855,1
cust7856,1
cust7857,1
cust7858,1
cust7859,0
cust7860,1
cust7861,1
cust7862,1
cust7863,1
cust7864,1
cust7865,1
cust7866,0
cust7867,0
cust7868,1
cust7869,1
cust7870,1
cust7871,1
cust7872,1
cust7873,0
cust7874,0
cust7875,1
cust7876,1
cust7877,1
cust7878,1
cust7879,0
cust7880,0
cust7881,1
cust7882,0
cust7883,0
cust7884,1
cust7885,1
cust7886,1
cust7887,1
cust7888,1
cust7889,1
cust7890,0
cust7891,1
cust7892,0
cust7893,1
cust7894,1
cust7895,1
cust7896,0
cust7897,0
cust7898,1
cust7899,1
cust7900,1
cust7901,1
cust7902,1
cust7903,1
cust7904,1
cust7905,1
cust7906,1
cust7907,1
cust7908,1
cust7909,1
cust7910,1
cust7911,0
cust7912,1
cust7913,1
cust7914,0
cust7915,0
cust7916,1
cust7917,0
cust7918,0
cust7919,0
cust7920,1
cust7921,1
cust7922,0
cust7923,0
cust7924,0
cust7925,1
cust7926,0
cust7927,1
cust7928,1
cust7929,1
cust7930,1
cust7931,0
cust7932,1
cust7933,1
cust7934,1
cust7935,1
cust7936,1
cust7937,1
cust7938,1
cust7939,1
cust7940,1
cust7941,1
cust7942,0
cust7943,1
cust7944,1
cust7945,1
cust7946,1
cust7947,1
cust7948,0
cust7949,0
cust7950,0
cust7951,1
cust7952,0
cust7953,0
cust7954,1
cust7955,1
cust7956,1
cust7957,1
cust7958,1
cust7959,0
cust7960,0
cust7961,0
cust7962,1
cust7963,1
cust7964,1
cust7965,1
cust7966,1
cust7967,0
cust7968,1
cust7969,1
cust7970,1
cust7971,0
cust7972,1
cust7973,1
cust7974,0
cust7975,1
cust7976,0
cust7977,1
cust7978,1
cust7979,0
cust7980,0
cust7981,0
cust7982,0
cust7983,0
cust7984,1
cust7985,0
cust7986,1
cust7987,0
cust7988,1
cust7989,1
cust7990,1
cust7991,1
cust7992,1
cust7993,1
cust7994,1
cust7995,1
cust7996,1
cust7997,1
cust7998,0
cust7999,1
cust8000,1
cust8001,0
cust8002,1
cust8003,1
cust8004,0
cust8005,1
cust8006,1
cust8007,0
cust8008,1
cust8009,1
cust8010,1
cust8011,1
cust8012,1
cust8013,0
cust8014,1
cust8015,1
cust8016,1
cust8017,1
cust8018,0
cust8019,0
cust8020,0
cust8021,0
cust8022,0
cust8023,1
cust8024,1
cust8025,1
cust8026,1
cust8027,1
cust8028,1
cust8029,1
cust8030,1
cust8031,1
cust8032,1
cust8033,0
cust8034,0
cust8035,1
cust8036,0
cust8037,0
cust8038,1
cust8039,0
cust8040,1
cust8041,0
cust8042,1
cust8043,1
cust8044,1
cust8045,1
cust8046,1
cust8047,0
cust8048,1
cust8049,0
cust8050,1
cust8051,0
cust8052,0
cust8053,0
cust8054,0
cust8055,0
cust8056,0
cust8057,0
cust8058,1
cust8059,0
cust8060,1
cust8061,1
cust8062,0
cust8063,1
cust8064,0
cust8065,0
cust8066,0
cust8067,1
cust8068,1
cust8069,1
cust8070,1
cust8071,1
cust8072,1
cust8073,1
cust8074,1
cust8075,1
cust8076,0
cust8077,1
cust8078,1
cust8079,0
cust8080,1
cust8081,0
cust8082,1
cust8083,1
cust8084,0
cust8085,1
cust8086,1
cust8087,1
cust8088,0
cust8089,0
cust8090,1
cust8091,1
cust8092,1
cust8093,1
cust8094,1
cust8095,1
cust8096,1
cust8097,1
cust8098,0
cust8099,0
cust8100,1
cust8101,1
cust8102,1
cust8103,1
cust8104,0
cust8105,1
cust8106,1
cust8107,1
cust8108,1
cust8109,0
cust8110,0
cust8111,1
cust8112,1
cust8113,1
cust8114,0
cust8115,0
cust8116,1
cust8117,1
cust8118,0
cust8119,1
cust8120,1
cust8121,1
cust8122,1
cust8123,0
